01/01/2019,Terça,Primeiros dias do ano – 1º de janeiro,"Santa Maria, Mãe de Deus",Azul,X,,,,,,,C,,,"1ª Leitura - Nm 6,22-27  / Salmo - Sl 66,2-3.5.6.8 (R. 2a)  / 2ª Leitura - Gl 4,4-7  / Evangelho - Lc 2,16-21"
01/02/2019,Quarta,Primeiros dias do ano - 02 de janeiro,"São Basílio Magno e São Gregório de Nazianzo, bispos e doutores da Igreja",Branco,,,,,,,,C,"Hb 1,1-2","Depois de ter falado, no passado, aos nossos pais, pelos profetas, muitas vezes, em nossos dias Deus falou-nos por seu Filho.","1ª Leitura - 1Jo 2,22-28  / Salmo - Sl 97 (98), 1. 2-3ab. 3cd-4 (R.3a)  / Evangelho - Jo 1,19-28"
01/03/2019,Quinta,Primeiros dias do ano - 03 de janeiro,Santíssimo Nome de Jesus,Branco,,,,,,,X,C,"Mt 1,21","Lhe darás o nome de Jesus, pois ele vai salvar o seu povo dos seus pecados","1ª Leitura - Fl Mt 1,21  / Salmo - Sl 8,4-5.6-7.8-9 (R. 2a)  / Evangelho - Lc 2,21-24"
01/04/2019,Sexta,Primeiros dias do ano - 04 de janeiro,,Branco,,,,,,,,C,"Hb 1,1-2","Depois de ter falado, no passado, aos nossos pais, pelos profetas, muitas vezes, em nossos dias Deus falou-nos por seu Filho.","1ª Leitura - 1Jo 3,7-10  / Salmo - Sl 97 (98), 1. 7-8. 9 (R. 3a)  / Evangelho - Jo 1,35-42"
01/05/2019,Sábado,Primeiros dias do ano - 05 de janeiro,,Branco,,,,,,,,C,………………,"Um dia sagrado brilhou para nós: Nações, vinde todas, adorar o Senhor: pois hoje desceu grande luz sobre a terra!","1ª Leitura - 1Jo 3,11-21  / Salmo - Sl 99 (100), 2. 3. 4. 5 (R.2a)  / Evangelho - Jo 1,43-51"
01/06/2019,Domingo,Primeiros dias do ano - 06 de janeiro,Epifania do Senhor,Dourado,X,,,,,,,C,,,"1ª Leitura - Is 60, 1-6  / Salmo - Sl 71, 1-2.7-8.10-11.12-13 (R. Cf.11)  / 2ª Leitura - Ef 3,2-3a.5-6  / Evangelho - Mt 2,1-12"
01/07/2019,Segunda,Segunda-feira depois da Epifania,,Branco,,,,,,,,C,"Mt 4,23","Jesus pregava a Boa-nova, o Reino anunciando, e curava toda espécie de doenças entre o povo.","1ª Leitura - 1Jo 3,22 - 4,6  / Salmo - Sl 2, 7-8. 10-11 (R.8a)  / Evangelho - Mt 4,12-17.23-25"
01/08/2019,Terça,Terça-feira depois da Epifania,,Branco,,,,,,,,C,"Lc 4,18",O Espírito do Senhor repousa sobre mim e enviou-me a anunciar aos pobres o Evangelho.,"1ª Leitura - 1Jo 4,7-10  / Salmo - Sl 71 (72), 1-2. 3-4ab. 7-8 (R. Cf. 11)  / Evangelho - Mc 6,34-44"
01/09/2019,Quarta,Quarta-feira depois da Epifania,,Branco,,,,,,,,C,"Cf. 1Tm 3,16","Louvai o Senhor Jesus, todos os povos, aceito pela fé no mundo inteiro!","1ª Leitura - 1Jo 4,11-18  / Salmo - Sl 71 (72), 1-2. 10-11. 12-13 (R. Cf. 11)  / Evangelho - Mc 6,45-52"
01/10/2019,Quinta,Quinta-feira depois da Epifania,,Branco,,,,,,,,C,"Lc 4,18",O Espírito do Senhor repousa sobre mim e enviou-me a anunciar aos pobres o Evangelho.,"1ª Leitura - 1Jo 4,19 - 5,4  / Salmo - Sl 71 (72), 1-2. 14.15bc. 17 (R. Cf 11)  / Evangelho - Lc 4,14-22a"
01/11/2019,Sexta,Sexta-feira depois da Epifania,,Branco,,,,,,,,C,"Cf. Mt 4,23","Jesus pregava a Boa-nova, o Reino anunciando, e curava toda espécie de doenças entre o povo.","1ª Leitura - 1Jo 5,5-13  / Salmo - Sl 147, 12-13. 14-15. 19-20 (R. 12a)  / Evangelho - Lc 5,12-16"
01/12/2019,Sábado,Sábado depois da Epifania,,Branco,,,,,,,,C,"Mt 4,16","O povo, sentado nas trevas, grande luz enxergou; aos que viviam na sombra da morte, resplandeceu-lhes a luz.","1ª Leitura - 1Jo 5,14-21  / Salmo - Sl 149, 1-2. 3-4. 5.6a.9b (R.4a)  / Evangelho - Jo 3,22-30"
01/13/2019,Domingo,1º Domingo Do Tempo Comum,Batismo do Senhor,Branco,X,,,,,,,C,,,"1ª Leitura - Is 42,1-4.6-7  / Salmo - Sl 28,1a.2.3ac-4.3b.9b-10 (R.11b)  / 2ª Leitura - At 10,34-38  / Evangelho - Lc 3,15-16.21-22  / 1ª Leitura - Is 40,1-5.9-11  / Salmo - Sl 103,1-2a. 27-28. 29bc-30 (R. 1a)  / 2ª Leitura - Tt 2,11-14"
01/14/2019,Segunda,2ª-feira da 1ª Semana Do Tempo Comum,,Verde,,,,,,,,C,,,"1ª Leitura - Hb 1,1-6  / Salmo - Sl 96 (97), 1.2b. 6 7c. 9 (R. Cf. 7c)  / Evangelho - Mc 1,14-20"
01/15/2019,Terça,3ª-feira da 1ª Semana Do Tempo Comum,,Verde,,,,,,,,C,,,"1ª Leitura - Hb 2,5-12  / Salmo - Sl 8, 2a.5. 6-7. 8-9 (R.Cf. 7)  / Evangelho - Mc 1,21b-28"
01/16/2019,Quarta,4ª-feira da 1ª Semana Do Tempo Comum,,Verde,,,,,,,,C,,,"1ª Leitura - Hb 2,14-18  / Salmo - Sl 104,1-2. 3-4. 6-7. 8-9 (R. 8a)  / Evangelho - Mc 1,29-39"
01/17/2019,Quinta,5ª-feira da 1ª Semana Do Tempo Comum,"Santo Antão, abade",Branco,,,,,,,,C,,,"1ª Leitura - Hb 3,7-14  / Salmo - Sl 94, 6-7. 8-9. 10-11 (R. 8)  / Evangelho - Mc 1,40-45"
01/18/2019,Sexta,6ª-feira da 1ª Semana Do Tempo Comum,,Verde,,,,,,,,C,,,"1ª Leitura - Hb 4,1-5.11  / Salmo - Sl 77, 3.4bc. 6c-7. 8 (R. Cf. 7c)  / Evangelho - Mc 2,1-12"
01/19/2019,Sábado,Sábado da 1ª Semana Do Tempo Comum,,Verde,,,,,,,,C,,,"1ª Leitura - Hb 4,12-16  / Salmo - Sl 18,8. 9. 10. 15 (R. Cf.Jo 6,63c)  / Evangelho - Mc 2,13-17"
01/20/2019,Domingo,2º Domingo Do Tempo Comum,,Verde,,,,,,,,C,,,"1ª Leitura - Is 62,1-5  / Salmo - Sl 95,1-2a.2b-3.7-8a.9-10a.c (R. 1a.3b)  / 2ª Leitura - 1Cor 12,4-11  / Evangelho - Jo 2,1-11"
01/21/2019,Segunda,2ª-feira da 2ª Semana Do Tempo Comum,"Santa Inês, virgem e mártir",Vermelho,,,,,,,,C,,,"1ª Leitura - Hb 5,1-10  / Salmo - Sl 109,1. 2. 3. 4 (R. 4bc)  / Evangelho - Mc 2,18-22"
01/22/2019,Terça,3ª-feira da 2ª Semana Do Tempo Comum,,Verde,,,,,,,,C,,,"1ª Leitura - Hb 6,10-20  / Salmo - Sl 110, 1-2. 4-5. 9.10c (R. 5b)  / Evangelho - Mc 2,23-28"
01/23/2019,Quarta,4ª-feira da 2ª Semana Do Tempo Comum,,Verde,,,,,,,,C,,,"1ª Leitura - Hb 7,1-3.15-17  / Salmo - Sl 109,1. 2. 3. 4 (R. 4bc)  / Evangelho - Mc 3,1-6"
01/24/2019,Quinta,5ª-feira da 2ª Semana Do Tempo Comum,"São Francisco de Sales, bispo e doutor da Igreja",Branco,,,,,,,,C,,,"1ª Leitura - Hb 7,25 - 8,6  / Salmo - Sl 39, 7-8a. 8b-9. 10. 17 (R. Cf. 8a.9a)  / Evangelho - Mc 3,7-12"
01/25/2019,Sexta,6ª-feira da 2ª Semana Do Tempo Comum,"Conversão de São Paulo, Apóstolo ",Branco,,,X,,,,,C,"Cf. Jo 15,16","Eu vos designei, para que vades e deis frutos, e o vosso fruto permaneça, assim disse o Senhor.","1ª Leitura - At 22,3-16  / 1ª Leitura - At 9,1-22  / Salmo - Sl 116(117),1-2 (R. Mc 16,15)  / Evangelho - Mc 16,15-18"
01/26/2019,Sábado,Sábado da 2ª Semana Do Tempo Comum,"São Timóteo e São Tito, bispos",Branco,,,,,X,,,C,"Lc 4,18",O Espírito do Senhor repousa sobre mim e enviou-me a anunciar aos pobres o Evangelho.,"1ª Leitura - 2Tm 1,1-8  / 1ª Leitura - Tt 1,1-5  / Salmo - Sl 95(96),1-2a.2b-3.7-8a.10 (R. 3)  / Evangelho - Lc 10,1-9"
01/27/2019,Domingo,3º Domingo Do Tempo Comum,,Verde,,,,,,,,C,,,"1ª Leitura - Ne 8,2-4a.5-6.8-10  / Salmo - Sl 18,8.9.10.15 (R. Jo 6,63c)  / 2ª Leitura - 1Cor 12,12-30  / 2ª Leitura - 1Cor 12,12-14.27  / Evangelho - Lc 1,1-4;4,14-21"
01/28/2019,Segunda,2ª-feira da 3ª Semana Do Tempo Comum,"Santo Tomás de Aquino, presbítero e doutor da Igreja",Branco,,,,,,,,C,,,"1ª Leitura - Hb 9,15.24-28  / Salmo - Sl 97,1. 2-3ab. 3cd-4. 5-6 (R.1a)  / Evangelho - Mc 3,22-30"
01/29/2019,Terça,3ª-feira da 3ª Semana Do Tempo Comum,,Verde,,,,,,,,C,,,"1ª Leitura - Hb 10,1-10  / Salmo - Sl 39, 2.4ab. 7-8a. 10. 11 (R. Cf. 8a.9a)  / Evangelho - Mc 3,31-35"
01/30/2019,Quarta,4ª-feira da 3ª Semana Do Tempo Comum,,Verde,,,,,,,,C,,,"1ª Leitura - Hb 10,11-18  / Salmo - Sl 109,1. 2. 3. 4 (R. 4bc)  / Evangelho - Mc 4,1-20"
01/31/2019,Quinta,5ª-feira da 3ª Semana Do Tempo Comum,"São João Bosco, presbítero",Branco,,,,,,,,C,,,"1ª Leitura - Hb 10,19-25  / Salmo - Sl 23 (24),1-2. 3-4ab. 5-6 (R. Cf. 6)  / Evangelho - Mc 4,21-25"
02/01/2019,Sexta,6ª-feira da 3ª Semana Do Tempo Comum,,Verde,,,,,,,,C,,,"1ª Leitura - Hb 10,32-39  / Salmo - Sl 36, 3-4. 5-6. 23-24. 39-40 (R. 39a)  / Evangelho - Mc 4,26-34"
02/02/2019,Sábado,Sábado da 3ª Semana Do Tempo Comum,Apresentação do Senhor,Dourado,,,X,,,,,C,"Lc 2,32","Sois a luz que brilhará para os gentios, e para a glória de Israel, o vosso povo.","1ª Leitura - Ml 3,1-4  / Salmo - Sl 23(24),7.8.9.10 (R. 10b)  / 2ª Leitura - Hb 2,14-18  / Evangelho - Lc 2,22-40  / Evangelho - Lc 2,22-32"
02/03/2019,Domingo,4º Domingo Do Tempo Comum,,Verde,,,,,,,,C,,,"1ª Leitura - Jr 1,4-5.17-19  / Salmo - Sl 70,1-2.3-4a.5-6ab.15ab.17 (R.15ab)  / 2ª Leitura - 1Cor 12,31-13,13  / 2ª Leitura - 1Cor 13,4-13  / Evangelho - Lc 4,21-30"
02/04/2019,Segunda,2ª-feira da 4ª Semana Do Tempo Comum,,Verde,,,,,,,,C,,,"1ª Leitura - Hb 11,32-40  / Salmo - Sl 30, 20. 21. 22. 23. 24 (R. 25)  / Evangelho - Mc 5,1-20"
02/05/2019,Terça,3ª-feira da 4ª Semana Do Tempo Comum,"Santa Águeda, virgem e mártir",Vermelho,,,,,,,,C,,,"1ª Leitura - Hb 12,1-4  / Salmo - Sl 21 (22),26b-27 .28.30. 31-32 (R. Cf.27b)  / Evangelho - Mc 5,21-43"
02/06/2019,Quarta,4ª-feira da 4ª Semana Do Tempo Comum,"Santos Paulo Miki, e companheiros, mártires",Vermelho,,,,,,,,C,,,"1ª Leitura - Hb 12,4-7.11-15  / Salmo - Sl 102,1-2. 13-14. 17-18a (R. Cf. 17)  / Evangelho - Mc 6,1-6"
02/07/2019,Quinta,5ª-feira da 4ª Semana Do Tempo Comum,,Verde,,,,,,,,C,,,"1ª Leitura - Hb 12,18-19.21-24  / Salmo - Sl 47, 2-3a. 3b-4. 9. 10-11 (R. Cf. 10)  / Evangelho - Mc 6,7-13"
02/08/2019,Sexta,6ª-feira da 4ª Semana Do Tempo Comum,,Verde,,,,,,,,C,,,"1ª Leitura - Hb 13,1-8  / Salmo - Sl 26, 1. 3. 5. 8b-9abc (R. 1a)  / Evangelho - Mc 6,14-29"
02/09/2019,Sábado,Sábado da 4ª Semana Do Tempo Comum,,Verde,,,,,,,,C,,,"1ª Leitura - Hb 13,15-17.20-21  / Salmo - Sl 22,1-3a. 3b-4. 5. 6 (R. 1)  / Evangelho - Mc 6,30-34"
02/10/2019,Domingo,5º Domingo Do Tempo Comum,,Verde,,,,,,,,C,,,"1ª Leitura - Is 6,1-2a.3-8  / Salmo - Sl 137,1-2a.2bc.4-5.7c-8 (R. 1c.2a)  / 2ª Leitura - Cor 15,1-11  / 2ª Leitura - Cor 15,3-8.11  / Evangelho - Lc 5,1-11"
02/11/2019,Segunda,2ª-feira da 5ª Semana Do Tempo Comum,Nossa Senhora de Lourdes,Azul,,,,,,,X,C,"Cf. Lc 1,45","És deliz, porque creste, Maria, pois, em ti, a Palavra de Deus vai cumprir-se, conforme Ele disse!","1ª Leitura - Is 66, 10-14c  / Salmo - Jt 13,18bcde.19 / Evangelho - Jo 2, 1-11"
02/12/2019,Terça,3ª-feira da 5ª Semana Do Tempo Comum,,Verde,,,,,,,,C,,,"1ª Leitura - Gn 1,20 - 2,4a  / Salmo - Sl 8,4-5. 6-7. 8-9 (R. 2a)  / Evangelho - Mc 7,1-13"
02/13/2019,Quarta,4ª-feira da 5ª Semana Do Tempo Comum,,Verde,,,,,,,,C,,,"1ª Leitura - Gn 2,4b-9.15-17  / Salmo - Sl 103,1-2a. 27-28. 29bc-30 (R. 1a)  / Evangelho - Mc 7,14-23"
02/14/2019,Quinta,5ª-feira da 5ª Semana Do Tempo Comum,"São Cirilo, monge, e São Metódio, bispo",Branco,,,,,,,,C,,,"1ª Leitura - Gn 2,18-25  / Salmo - Sl 127,1-2. 3. 4-5 (R. Cf 1a)  / Evangelho - Mc 7,24-30"
02/15/2019,Sexta,6ª-feira da 5ª Semana Do Tempo Comum,,Verde,,,,,,,,C,,,"1ª Leitura - Gn 3,1-8  / Salmo - Sl 31, 1-2. 5. 6. 7 (R. Cf. 1a)  / Evangelho - Mc 7,31-37"
02/16/2019,Sábado,Sábado da 5ª Semana Do Tempo Comum,,Verde,,,,,,,,C,,,"1ª Leitura - Gn 3,9-24  / Salmo - Sl 89, 2. 3-4. 5-6. 12-13. (R.1)  / Evangelho - Mc 8,1-10"
02/17/2019,Domingo,6º Domingo Do Tempo Comum,,Verde,,,,,,,,C,,,"1ª Leitura - Jr 17,5-8  / Salmo - Sl 1,1-2.3.4.6 (R. Sl 39,5a)  / 2ª Leitura - 1Cor 15,12.16-20  / Evangelho - Lc 6,17.20-26"
02/18/2019,Segunda,2ª-feira da 6ª Semana Do Tempo Comum,,Verde,,,,,,,,C,,,"1ª Leitura - Gn 4,1-15.25  / Salmo - Sl 49, 1.8. 16bc-17. 20-21 (R. 14a)  / Evangelho - Mc 8,11-13"
02/19/2019,Terça,3ª-feira da 6ª Semana Do Tempo Comum,,Verde,,,,,,,,C,,,"1ª Leitura - Gn 6,5-8; 7,1-5.10  / Salmo - Sl 28,1a.2. 3ac-4. 3b.9b-10 (R.11b)  / Evangelho - Mc 8,14-21"
02/20/2019,Quarta,4ª-feira da 6ª Semana Do Tempo Comum,,Verde,,,,,,,,C,,,"1ª Leitura - Gn 8,6-13.20-22  / Salmo - Sl 115, 12-13. 14-15. 18-19 (R. 17a)  / Evangelho - Mc 8,22-26"
02/21/2019,Quinta,5ª-feira da 6ª Semana Do Tempo Comum,,Verde,,,,,,,,C,,,"1ª Leitura - Gn 9,1-13  / Salmo - Sl 101, 16-18. 19-21. 29.22-23 (R. 20b)  / Evangelho - Mc 8,27-33"
02/22/2019,Sexta,6ª-feira da 7ª Semana Do Tempo Comum,"Cátedra de São Pedro, Apóstolo",Dourado,,X,,,,,,C,"Mt 16,18","Tu és Pedro e sobre esta pedra, eu irei construir minha Igreja, e as portas do inferno não irão derrotá-la.","1ª Leitura - Ez 3, 16-21  / Salmo - Sl 22, 1-6  / 2ª Leitura - 1Pd 5, 1-4  / Evangelho - Mt 16, 13-19"
02/23/2019,Sábado,Sábado da 6ª Semana Do Tempo Comum,"São Policarpo, bispo e mártir",Vermelho,,,,,,,,C,,,"1ª Leitura - Hb 11,1-7  / Salmo - Sl 144 (145),2-3. 4-5. 10-11 (R. (Cf. 1b)  / Evangelho - Mc 9,2-13"
02/24/2019,Domingo,7º Domingo Do Tempo Comum,,Verde,,,,,,,,C,,,"1ª Leitura - 1Sm 26,2.7-9.12-13.22-23  / Salmo - Sl 102,1-2.3-4.8.10.12-13 (R.8a)  / 2ª Leitura - 1Cor 15,45-49  / Evangelho - Lc 6,27-38"
02/25/2019,Segunda,2ª-feira da 7ª Semana Do Tempo Comum,,Verde,,,,,,,,C,,,"1ª Leitura - Eclo 1,1-10  / Salmo - Sl 92, 1ab. 1c-2. 5 (R.1a)  / Evangelho - Mc 9,14-29"
02/26/2019,Terça,3ª-feira da 7ª Semana Do Tempo Comum,,Verde,,,,,,,,C,,,"1ª Leitura - Eclo 2,1-13 (Gr. 1-11)  / Salmo - Sl 36,3-4. 18-19. 27-28. 39-40 (R. Cf. 5)  / Evangelho - Mc 9,30-37"
02/27/2019,Quarta,4ª-feira da 7ª Semana Do Tempo Comum,,Verde,,,,,,,,C,,,"1ª Leitura - Eclo 4,12-22 (Gr. 11-19)  / Salmo - Sl 118,165. 168. 171. 174. 175 (R. 165a)  / Evangelho - Mc 9,38-40"
02/28/2019,Quinta,5ª-feira da 7ª Semana Do Tempo Comum,,Verde,,,,,,,,C,,,"1ª Leitura - Eclo 5,1-10 (Gr. 1-8)  / Salmo - Sl 1,1-2. 3. 4.6 (R. Sl 39,5a)  / Evangelho - Mc 9,41-50"
03/01/2019,Sexta,6ª-feira da 7ª Semana Do Tempo Comum,,Verde,,,,,,,,C,,,"1ª Leitura - Eclo 6,5-17  / Salmo - Sl 118, 12. 16. 18. 27. 34. 35 (R. 35a)  / Evangelho - Mc 10,1-12"
03/02/2019,Sábado,Sábado da 7ª Semana Do Tempo Comum,,Verde,,,,,,,,C,,,"1ª Leitura - Eclo 17,1-13 (Gr.1-15)  / Salmo - Sl 102, 13-14. 15-16. 17-18a (R. Cf. 17)  / Evangelho - Mc 10,13-16"
03/03/2019,Domingo,8º Domingo Do Tempo Comum,,Verde,,,,,,,,C,,,"1ª Leitura - Eclo 27,5-8 (gr.4-7)  / Salmo - Sl 91,2-3.13-14.15-16 (R. Cf. 2a)  / 2ª Leitura - 1Cor 15,54-58  / Evangelho - Lc 6,39-45"
03/04/2019,Segunda,2ª-feira da 8ª Semana Do Tempo Comum,São Casimiro,Branco,,,,,,,,C,,,"1ª Leitura - Eclo 17,20-28 (Gr 24-29)  / Salmo - Sl 31, 1-2. 5. 6. 7 (R. 11a)  / Evangelho - Mc 10,17-27"
03/05/2019,Terça,3ª-feira da 8ª Semana Do Tempo Comum,,Verde,,,,,,,,C,,,"1ª Leitura - Eclo 35,1-15 (Gr. 1-12)  / Salmo - Sl 49, 5-6. 7-8. 14.23 (R. 23b)  / Evangelho - Mc 10,28-31"
03/06/2019,Quarta,Quarta-feira de Cinzas,,Roxo,,,,,,,,C,,,"1ª Leitura - Jl 2,12-18  / Salmo - Sl 50 (51), 3-4. 5-6a. 12-13. 14.17 (R.Cf.3a)  / 1ª Leitura - 2Cor 5,20-6,2  / Evangelho - Mt 6,1-6.16-18"
03/07/2019,Quinta,Quinta-feira depois das Cinzas,,Roxo,,,,,,,,C,,,"1ª Leitura - Dt 30,15-20  / Salmo - Sl 1, 1-2. 3. 4.6 (R. Sl 39,5a)  / Evangelho - Lc 9,22-25"
03/08/2019,Sexta,Sexta-feira depois das Cinzas,,Roxo,,,,,,,,C,,,"1ª Leitura - Is 58,1-9a  / Salmo - Sl 50, 3-4. 5-6a. 18-19 (R. 19b)  / Evangelho - Mt 9,14-15"
03/09/2019,Sábado,Sábado depois das Cinzas,,Roxo,,,,,,,,C,,,"1ª Leitura - Is 58,9b-14  / Salmo - Sl 85, 1-2. 3-4. 5-6 (R. 11a)  / Evangelho - Lc 5,27-32"
03/10/2019,Domingo,1º Domingo da Quaresma,,Roxo,,,,,,,,C,,,"1ª Leitura - Dt 26,4-10  / Salmo - Sl 90,1-2.10-11.12-13.14-15 (R. cf.15b)  / 2ª Leitura - Rm 10,8-13  / Evangelho - Lc 4,1-13"
03/11/2019,Segunda,2ª-feira da 1ª Semana da Quaresma,,Roxo,,,,,,,,C,,,"1ª Leitura - Lv 19,1-2.11-18  / Salmo - Sl 18, 8. 9. 10. 15 (R. Jo 6,63c)  / Evangelho - Mt 25,31-46"
03/12/2019,Terça,3ª-feira da 1ª Semana da Quaresma,,Roxo,,,,,,,,C,,,"1ª Leitura - Is 55,10-11  / Salmo - Sl 33, 4-5. 6-7. 16-17. 18-19 (R. 18b)  / Evangelho - Mt 6,7-15"
03/13/2019,Quarta,4ª-feira da 1ª Semana da Quaresma,,Roxo,,,,,,,,C,,,"1ª Leitura - Jn 3,1-10  / Salmo - Sl 50, 3-4, 12-13. 18-19 (R. 19b)  / Evangelho - Lc 11,29-32"
03/14/2019,Quinta,5ª-feira da 1ª Semana da Quaresma,,Roxo,,,,,,,,C,,,"1ª Leitura - Est 4,17n.p-r.aa-bb.gg-hh  / Salmo - Sl 137, 1-2a. 2bc-3. 7c-8 (R. 3a)  / Evangelho - Mt 7,7-12"
03/15/2019,Sexta,6ª-feira da 1ª Semana da Quaresma,,Roxo,,,,,,,,C,,,"1ª Leitura - Ez 18,21-28  / Salmo - Sl 129, 1-2. 3-4. 5-6. 7-8 (R. 3)  / Evangelho - Mt 5,20-26"
03/16/2019,Sábado,Sábado da 1ª Semana da Quaresma,,Roxo,,,,,,,,C,,,"1ª Leitura - Dt 26, 16-19  / Salmo - Sl 118, 1-2. 4-5. 7-8 (R. 1b)  / Evangelho - Mt 5,43-48"
03/17/2019,Domingo,2º Domingo da Quaresma,,Roxo,,,,,,,,C,,,"1ª Leitura - Gn 15,5-12 17-18  / Salmo - Sl 26,1.7-8.9abc.13.14 (R. 1a)  / 2ª Leitura - Fl 3,17-4,1  / 2ª Leitura - Fl 3,20 -4,1  / Evangelho - Lc 9,28b-36"
03/18/2019,Segunda,2ª-feira da 2ª Semana da Quaresma,,Roxo,,,,,,,,C,,,"1ª Leitura - Dn 9, 4b-10  / Salmo - Sl 78, 8. 9. 11. 13 (R. 102,10a)  / Evangelho - Lc 6,36-38"
03/19/2019,Terça,3ª-feira da 2ª Semana da Quaresma,"São José, esposo de Nossa Senhora",Branco,X,,,,,,,C,"Sl 83(84),5","Felizes os que habitam vossa casa, para sempre eles hão de vos louvar!","1ª Leitura - 2Sm 7,4-5a.12-14a.16  / Salmo - Sl 88(89),2-3.4-5.27 e 29 (R. 37)  / 2ª Leitura - Rm 4,13.16-18.22  / Evangelho - Mt 1,16.18-21.24a  / Evangelho - Lc 2,41-51a"
03/20/2019,Quarta,4ª-feira da 2ª Semana da Quaresma,,Roxo,,,,,,,,C,,,"1ª Leitura - Jr 18,18-20  / Salmo - Sl 30,5-6.14.15-16 (R. 17b)  / Evangelho - Mt 20,17-28"
03/21/2019,Quinta,5ª-feira da 2ª Semana da Quaresma,,Roxo,,,,,,,,C,,,"1ª Leitura - Jr 17,5-10  / Salmo - Sl 1,1-2.3.4.6 (R. Sl 39,5a)  / Evangelho - Lc 16,19-31"
03/22/2019,Sexta,6ª-feira da 2ª Semana da Quaresma,,Roxo,,,,,,,,C,,,"1ª Leitura - Gn 37, 3-4.12-13a.17b-28  / Salmo - Sl 104, 16-17.18-19.20-21 (R. 5a)  / Evangelho - Mt 21,33-43.45-46"
03/23/2019,Sábado,Sábado da 2ª Semana da Quaresma,,Roxo,,,,,,,,C,,,"1ª Leitura - Mq 7,14-15.18-20  / Salmo - Sl 102, 1-2. 3-4. 9-10. 11-12 (R. 8a)  / Evangelho - Lc 15,1-3.11-32"
03/24/2019,Domingo,3º Domingo da Quaresma,,Roxo,,,,,,,,C,,,"1ª Leitura - Ex 3,1-8a.13-15  / Salmo - Sl 102,1-2.3-4.6-7.8-11 (R.8a)  / 2ª Leitura - 1Cor 10,1-6.10.12  / Evangelho - Lc 13,1-9"
03/25/2019,Segunda,2ª-feira da 3ª Semana da Quaresma,Anunciação do Senhor,Branco,X,,,,,,,C,"Jo 1,14ab",A Palavra se fez carne e habitou entre nós. E nós vimos sua glória que recebe de Deus Pai.,"1ª Leitura - Is 7,10-14; 8,10  / Salmo - Sl 39(40),7-8a.8b-9.10,11 (R. 8a.9a)  / 2ª Leitura - Hb 10,4-10  / Evangelho - Lc 1,26-38"
03/26/2019,Terça,3ª-feira da 3ª Semana da Quaresma,,Roxo,,,,,,,,C,,,"1ª Leitura - Dn 3,25.34-43  / Salmo - Sl 24, 4bc-5ab. 6-7. 8-9 (R. 6a)  / Evangelho - Mt 18,21-35"
03/27/2019,Quarta,4ª-feira da 3ª Semana da Quaresma,,Roxo,,,,,,,,C,,,"1ª Leitura - Dt 4,1.5-9  / Salmo - Sl 147, 12-13. 15-16. 19-20 (R. 12a)  / Evangelho - Mt 5,17-19"
03/28/2019,Quinta,5ª-feira da 3ª Semana da Quaresma,,Roxo,,,,,,,,C,,,"1ª Leitura - Jr 7,23-28  / Salmo - Sl 94, 1-2. 6-7. 8-9 (R. 8)  / Evangelho - Lc 11,14-23"
03/29/2019,Sexta,6ª-feira da 3ª Semana da Quaresma,,Roxo,,,,,,,,C,,,"1ª Leitura - Os 14,2-10  / Salmo - Sl 80, 6c-8a. 8bc-9. 10-11ab. 14.17 (R. Cf. 11.9a)  / Evangelho - Mc 12,28b-34"
03/30/2019,Sábado,Sábado da 3ª Semana da Quaresma,,Roxo,,,,,,,,C,,,"1ª Leitura - Os 6,1-6  / Salmo - Sl 50, 3-4. 18-19. 20-21ab (R. Cf.Os 6,6)  / Evangelho - Lc 18,9-14"
03/31/2019,Domingo,4º Domingo da Quaresma,,Roxo ou Róseo,,,,,,,,C,,,"1ª Leitura - Js 5,9a.10-12  / Salmo - Sl 33,2-3.4-5.6-7 (R.9a)  / 2ª Leitura - 2Cor 5,17-21  / Evangelho - Lc 15,1-3.11-32"
04/01/2019,Segunda,2ª-feira da 4ª Semana da Quaresma,,Roxo,,,,,,,,C,,,"1ª Leitura - Is 65,17-21  / Salmo - Sl 29, 2.4. 5-6. 11.12a.13b (R.2a)  / Evangelho - Jo 4,43-54"
04/02/2019,Terça,3ª-feira da 4ª Semana da Quaresma,,Roxo,,,,,,,,C,,,"1ª Leitura - Ez 47,1-9.12  / Salmo - Sl 45, 2-3. 5-6. 8-9 (R. 8)  / Evangelho - Jo 5,1-16"
04/03/2019,Quarta,4ª-feira da 4ª Semana da Quaresma,,Roxo,,,,,,,,C,,,"1ª Leitura - Is 49,8-15  / Salmo - Sl 144, 8-9. 13cd-14. 17-18 (R. 8a)  / Evangelho - Jo 5,17-30"
04/04/2019,Quinta,5ª-feira da 4ª Semana da Quaresma,,Roxo,,,,,,,,C,,,"1ª Leitura - Ex 32,7-14  / Salmo - Sl 105, 19-20. 21-22. 23 (R. 4a)  / Evangelho - Jo 5,31-47"
04/05/2019,Sexta,6ª-feira da 4ª Semana da Quaresma,,Roxo,,,,,,,,C,,,"1ª Leitura - Sb 2,1a.12-22  / Salmo - Sl 33, 17-18. 19-20. 2l.23 (R. 19a)  / Evangelho - Jo 7,1-2.10.25-30"
04/06/2019,Sábado,Sábado da 4ª Semana da Quaresma,,Roxo,,,,,,,,C,,,"1ª Leitura - Jr 11,18-20  / Salmo - Sl 7, 2-3. 9bc-10. 11-12 (R. 2a)  / Evangelho - Jo 7,40-53"
04/07/2019,Domingo,5º Domingo da Quaresma,,Roxo,,,,,,,,C,,,"1ª Leitura - Is 43,16-21  / Salmo - Sl 125,1-2ab.2cd-3.4-5.6 (R. 3)  / 2ª Leitura - Fl 3,8-14  / Evangelho - Jo 8,1-11"
04/08/2019,Segunda,2ª-feira da 5ª Semana da Quaresma,,Roxo,,,,,,,,C,,,"1ª Leitura - Dn 13,1-9.15-17.19-30.33-62  / 1ª Leitura - Dn 13,41c-62  / Salmo - Sl 22, 1-3a. 3b-4. 5. 6 (R. 4a)  / Evangelho - Jo 8,1-11  / Evangelho - Jo 8,12-20"
04/09/2019,Terça,3ª-feira da 5ª Semana da Quaresma,,Roxo,,,,,,,,C,,,"1ª Leitura - Nm 21,4-9  / Salmo - Sl 101, 2-3. 16-18. 19-21 (R. 2)  / Evangelho - Jo 8,21-30"
04/10/2019,Quarta,4ª-feira da 5ª Semana da Quaresma,,Roxo,,,,,,,,C,,,"1ª Leitura - Dn 3,14-20.24.49a.91-92.95  / Salmo - Dn 3, 52. 53. 54. 55. 56 (R. 52b)  / Evangelho - Jo 8,31-42"
04/11/2019,Quinta,5ª-feira da 5ª Semana da Quaresma,,Roxo,,,,,,,,C,,,"1ª Leitura - Gn 17,3-9  / Salmo - Sl 104, 4-5. 6-7. 8-9 (R. 8a)  / Evangelho - Jo 8,51-59"
04/12/2019,Sexta,6ª-feira da 5ª Semana da Quaresma,,Roxo,,,,,,,,C,,,"1ª Leitura - Jr 20,10-13  / Salmo - Sl 17, 2-3a. 3bc-4. 5-6. 7 (R. Cf. 7)  / Evangelho - Jo 10,31-42"
04/13/2019,Sábado,Sábado da 5ª Semana da Quaresma,,Roxo,,,,,,,,C,,,"1ª Leitura - Ez 37,21-28  / Salmo - Jr 31, 10. 11-12ab. 13 (R. Cf. 10d)  / Evangelho - Jo 11,45-56"
04/14/2019,Domingo,Domingo de Ramos da Paixão do Senhor,,Vermelho,,,,,,,,C,,,"1ª Leitura - Is 50,4-7  / Salmo - Sl 21,8-9.17-18a.19-20.23-24 (R.2a)  / 2ª Leitura - Fl 2,6-11  / Evangelho - Procissão - Lc 19,28-40  / Evangelho - Lc 22,14-23,56  / Evangelho - Lc 23,1-49"
04/15/2019,Segunda,2ª-feira da Semana Santa,,Roxo,,,,,,,,C,,,"1ª Leitura - Is 42,1-7  / Salmo - Sl 26, 1. 2. 3. 13-14 (R. 1a)  / Evangelho - Jo 12,1-11"
04/16/2019,Terça,3ª-feira da Semana Santa,,Roxo,,,,,,,,C,,,"1ª Leitura - Is 49,1-6  / Salmo - Sl 70, 1-2. 3-4a. 5-6ab. 15.17 (R.15)  / Evangelho - Jo 13,21-33.36-38"
04/17/2019,Quarta,4ª-feira da Semana Santa,,Roxo,,,,,,,,C,,,"1ª Leitura - Is 50,4-9a  / Salmo - Sl 68, 8-10. 21bcd-22. 31. 33-34 (R. 14cb)  / Evangelho - Mt 26,14-25"
04/18/2019,Quinta,5ª-feira da Semana Santa - Missa Vespertina da Ceia do Senhor,,Branco,,,,,,,,C,,,"1ª Leitura - Is 61,1-3a.6a.8b-9  / Salmo - Sl 88, 21-22.25.27  / 1ª Leitura - Ap 1,5-8  / Evangelho - Lc 4,16-21"
04/19/2019,Sexta,6ª-feira da Semana Santa - Paixão do Senhor,,Vermelho,,,,,,,,C,,,"1ª Leitura - Is 52,13 - 53,12  / Salmo - Sl 30,2.6.12-13.15-16.17.25 (R.Lc 23,46)  / 2ª Leitura - Hb 4,14-16; 5,7-9  / Evangelho - Jo 18,1-19,42"
04/20/2019,Sábado,Domingo da Páscoa - Vigília Pascal na Noite Santa,,Dourado,,,,,,,,C,,,"1ª Leitura - Gn 1,1 - 2,2  / 1ª Leitura - Gn 1,1.26-31a  / 3ª Leitura - Ex 14,15-15,1  / 4ª Leitura - Is 54,5-14  / 5ª Leitura - Is 55,1-11  / 6ª Leitura - Br 3,9-15.32-4,4  / 7ª Leitura - Ez 36,16-17a.18-28  / Salmo - Sl 103,1-2a.5-6.10.12.13-14.24.35c (R.30)  / Salmo - Sl 32,4-5.6-7.12-13.20.22(R. 5b)  / Salmo - Sl 15,5.8.9-10.11 (R.1a)  / Salmo - Ex 15,1-2.3-4.5-6.17-18 (R. 15,1a)  / Salmo - Sl 29,2.4.5-6.11.12a.13b (R.2a)  / Salmo - Is 12,2-3.4bcd.5-6 (R. 3)  / Salmo - Sl 18,8.9.10.11 (R.Jo 6,68c)  / Salmo - Sl 41,3.5bcd;42,3.4 (R. 41,2)  / Salmo - Sl 50,12-13.14-15.18-19 (R. 12a)  / 2ª Leitura - Gn 22,1-18  / 2ª Leitura - Gn 22,1-2.9a.10-13.15-18  / Evangelho - Lc 24,1-12  / 8ª Leitura - Rm 6,3-11  / Salmo - Sl 117,1-2.16ab-17.22-23"
04/21/2019,Domingo,Domingo da Páscoa - Missa do Dia,,Dourado,,,,,,,,C,,,"1ª Leitura - At 10,34a.37-43  / Salmo - Sl 117,1-2.16ab-17.22-23 (R.24)  / 2ª Leitura - Cl 3,1-4  / 2ª Leitura - 1Cor 5,6b-8  / Evangelho - Jo 20,1-9  / Evangelho - Lc 24,13-35  / Evangelho - Lc 24,1-12"
04/22/2019,Segunda,2ª-feira na Oitava da Páscoa,,Dourado,,,,,,,,C,,,"1ª Leitura - At 2,14.22-33  / Salmo - Sl 15, 1-2a.5. 7-8. 9-10. 11 (R. 1)  / Evangelho - Mt 28,8-15"
04/23/2019,Terça,3ª-feira na Oitava da Páscoa,,Dourado,,,,,,,,C,,,"1ª Leitura - At 2,36-41  / Salmo - Sl 32, 4-5. 18-19. 20.22 (R. 5b)  / Evangelho - Jo 20,11-18"
04/24/2019,Quarta,4ª-feira na Oitava da Páscoa,,Dourado,,,,,,,,C,,,"1ª Leitura - At 3,1-10  / Salmo - Sl 104, 1-2. 3-4. 6-7. 8-9 (R. 3b)  / Evangelho - Lc 24,13-35"
04/25/2019,Quinta,5ª-feira na Oitava da Páscoa,,Dourado,,,,,,,,C,,,"1ª Leitura - At 3,11-26  / Salmo - Sl 8, 2a.5. 6-7. 8-9 (R.2ab)  / Evangelho - Lc 24,35-48"
04/26/2019,Sexta,6ª-feira na Oitava da Páscoa,,Dourado,,,,,,,,C,,,"1ª Leitura - At 4,1-12  / Salmo - Sl 117, 1-2.4. 22-24. 25-27a (R. 22)  / Evangelho - Jo 21,1-14"
04/27/2019,Sábado,Sábado na Oitava da Páscoa,,Dourado,,,,,,,,C,,,"1ª Leitura - At 4,13-21  / Salmo - Sl 117, 1.14-15. 16ab.18. 19-21 (R. 21a)  / Evangelho - Mc 16,9-15"
04/28/2019,Domingo,2º Domingo da Páscoa,,Dourado,,,,,,,,C,,,"1ª Leitura - At 5,12-16  / Salmo - Sl 117,2-4.22-24.25-27a(R.1)  / 2ª Leitura - Jo 1,9-11a.12-13.17-19  / Evangelho - Jo 20,19-31"
04/29/2019,Segunda,2ª-feira da 2ª Semana da Páscoa,Mater Boni Consilii,Azul,,X,,,,,,C,"cf. Prov 8,14","Em mim está o conselho e a prudência, em mim está a inteligência e a fortaleza.","1ª Leitura - At 1,12-14; 2,1-4  / Salmo - Eclo 14,22-27 / 2ª Leitura - Rm 8,28-30 / Evangelho - Jo 2,1-11"
04/30/2019,Terça,3ª-feira da 2ª Semana da Páscoa,,Branco,,,,,,,,C,,,"1ª Leitura - At 4,32-37  / Salmo - Sl 92, 1ab. 1c-2. 5 (R.1a)  / Evangelho - Jo 3,7b-15"
05/01/2019,Quarta,4ª-feira da 2ª Semana da Páscoa,,Branco,,,,,,,,C,,,"1ª Leitura - At 5,17-26  / Salmo - Sl 33, 2-3. 4-5. 6-7. 8-9 (R. 7a)  / Evangelho - Jo 3,16-21"
05/02/2019,Quinta,5ª-feira da 2ª Semana da Páscoa,"Santo Atanásio, bispo e doutor da Igreja",Branco,,,,,,,,C,,,"1ª Leitura - At 5,27-33  / Salmo - Sl 33, 2.9. 17-18. 19-20 (R. 7a)  / Evangelho - Jo 3,31-36"
05/03/2019,Sexta,6ª-feira da 2ª Semana da Páscoa,"São Felipe e São Tiago, Apóstolos",Vermelho,,,X,,,,,C,"Jo 14,6b,9c","Sou o caminho, a Verdade e a Vida, diz Jesus; Filipe, quem me vê, igualmente vê meu Pai!","1ª Leitura - 1Cor 15,1-8  / Salmo - Sl 18(19A),2-3.4-5 (R. 5a)  / Evangelho - Jo 14,6-14"
05/04/2019,Sábado,Sábado da 2ª Semana da Páscoa,,Branco,,,,,,,,C,,,"1ª Leitura - At 6,1-7  / Salmo - Sl 32, 1-2. 4-5. 18-19 (R.22)  / Evangelho - Jo 6,16-21"
05/05/2019,Domingo,3º Domingo da Páscoa,,Branco ou Dourado,,,,,,,,C,,,"1ª Leitura - At 5,27b-32.40b-41  / Salmo - Sl 29,2.4.5-6.11.12a.13b(R.2a)  / Salmo - AP 5,11-14  / Evangelho - Jo 21,1-19  / Evangelho - Jo 21,1-14"
05/06/2019,Segunda,2ª-feira da 3ª Semana da Páscoa,,Branco,,,,,,,,C,,,"1ª Leitura - At 6,8-15  / Salmo - Sl 118, 23-24. 26-27. 29-30 (R. 1b)  / Evangelho - Jo 6,22-29"
05/07/2019,Terça,3ª-feira da 3ª Semana da Páscoa,,Branco,,,,,,,,C,,,"1ª Leitura - At 7,5l - 8,1a  / Salmo - Sl 30, 3cd-4. 6ab.7b.8a. 17.21ab (R. 6a)  / Evangelho - Jo 6,30-35"
05/08/2019,Quarta,4ª-feira da 3ª Semana da Páscoa,,Branco,,,,,,,,C,,,"1ª Leitura - At 8, 1b-8  / Salmo - Sl 65, 1-3a. 4-5. 6-7a (R.1)  / Evangelho - Jo 6,35-40"
05/09/2019,Quinta,5ª-feira da 3ª Semana da Páscoa,,Branco,,,,,,,,C,,,"1ª Leitura - At 8,26-40  / Salmo - Sl 65, 8-9. 16-17. 20 (R. 1)  / Evangelho - Jo 6,44-51"
05/10/2019,Sexta,6ª-feira da 3ª Semana da Páscoa,,Branco,,,,,,,,C,,,"1ª Leitura - At 9,1-20  / Salmo - Sl 116, 1. 2 (R. Mc 16,15)  / Evangelho - Jo 6,52-59"
05/11/2019,Sábado,Sábado da 3ª Semana da Páscoa,,Branco,,,,,,,,C,,,"1ª Leitura - At 9,31-42  / Salmo - Sl 115, 12-13. 14-15. 16-17 (R. 12)  / Evangelho - Jo 6,60-69"
05/12/2019,Domingo,4º Domingo da Páscoa,,Branco ou Dourado,,,,,,,,C,,,"1ª Leitura - At 13,14.43-52  / Salmo - Sl 99,2.3.5 (R. 3c)  / 2ª Leitura - Ap 7,9.14b-17  / Evangelho - Jo 10,27-30"
05/13/2019,Segunda,2ª-feira da 4ª Semana da Páscoa,Nossa Senhora de Fátima,Azul,,,,X,,,,C,-----------,"Sois ditosa, ó Santa Virgem Maria, sois digníssima de todos os louvores, porque de Vós nasceu o sol da justiça, Cristo, nosso Deus.","1ª Leitura - Ap 11,19a; 12,1-6a.10ab  / Salmo - Sl 44,11-12.14-17  / Evangelho - Lc 11, 27-28"
05/14/2019,Terça,3ª-feira da 4ª Semana da Páscoa,"São Matias, Apóstolo",Vermelho,,,X,,,,,C,"Jo 15,16",Eu vos designei para que vades e deis frutos e o vosso fruto permaneça.,"1ª Leitura - At 1,15-17.20-26  / Salmo - Sl 112(113),1-2.3-4.5-6.7-8 (R. cf.8)  / Evangelho - Jo 15,9-17"
05/15/2019,Quarta,4ª-feira da 4ª Semana da Páscoa,,Branco,,,,,,,,C,,,"1ª Leitura - At 12,24 - 13,5a  / Salmo - Sl 66, 2-3. 5. 6.8 (R. 4)  / Evangelho - Jo 12,44-50"
05/16/2019,Quinta,5ª-feira da 4ª Semana da Páscoa,,Branco,,,,,,,,C,,,"1ª Leitura - At 13,13-25  / Salmo - Sl 88, 2-3. 21-22. 25.27 (R. Cf. 2a)  / Evangelho - Jo 13,16-20"
05/17/2019,Sexta,6ª-feira da 4ª Semana da Páscoa,,Branco,,,,,,,,C,,,"1ª Leitura - At 13,26-33  / Salmo - Sl 2, 6-7. 8-9. 10-11 (R. 7)  / Evangelho - Jo 14,1-6"
05/18/2019,Sábado,Sábado da 4ª Semana da Páscoa,,Branco,,,,,,,,C,,,"1ª Leitura - At 13, 44-52  / Salmo - Sl 97(98), 1,2-3ab,3cd-4 (R. 3cd)  / Evangelho - Jo 14, 7-14"
05/19/2019,Domingo,5º Domingo da Páscoa,,Branco ou Dourado,,,,,,,,C,,,"1ª Leitura - At 14,21b-27  / Salmo - Sl 144,8-9.10-11.12-13ab (R.cf.1)  / 2ª Leitura - Ap 21,1-5a  / Evangelho - Jo 13,31-33a.34-35"
05/20/2019,Segunda,2ª-feira da 5ª Semana da Páscoa,,Branco,,,,,,,,C,,,"1ª Leitura - At 14,5-18  / Salmo - Sl 113 B, 1-2. 3-4. 15-16 (R. 1)  / Evangelho - Jo 14,21-26"
05/21/2019,Terça,3ª-feira da 5ª Semana da Páscoa,,Branco,,,,,,,,C,,,"1ª Leitura - At 14,19-28  / Salmo - Sl 144, 10-11. 12-13ab. 21 (R. Cf. 12a)  / Evangelho - Jo 14,27-31a"
05/22/2019,Quarta,4ª-feira da 5ª Semana da Páscoa,,Branco,,,,,,,,C,,,"1ª Leitura - At 15,1-6  / Salmo - Sl 121, 1-2. 3-4a. 4b-5 (R. Cf. 1)  / Evangelho - Jo 15,1-8"
05/23/2019,Quinta,5ª-feira da 5ª Semana da Páscoa,,Branco,,,,,,,,C,,,"1ª Leitura - At 15,7-21  / Salmo - Sl 95, 1-2a. 2b-3. 10 (R. Cf. 3)  / Evangelho - Jo 15,9-11"
05/24/2019,Sexta,6ª-feira da 5ª Semana da Páscoa,Nossa Senhora Auxiliadora,Azul,,,,,,,X,C,"cf. Lc 1,45","És feliz, porque creste, Maria, pois, em ti, a Palavra de Deus vai cumprir-se, conforme Ele disse!","1ª Leitura - Ap 21, 1-5a  / Salmo - Jt 13,18bcde.19  / Evangelho - Jo 2, 1-11"
05/25/2019,Sábado,Sábado da 5ª Semana da Páscoa,,Branco,,,,,,,,C,,,"1ª Leitura - At 16,1-10  / Salmo - Sl 99, 2. 3. 5 (R. 2a)  / Evangelho - Jo 15,18-21"
05/26/2019,Domingo,6º Domingo da Páscoa,,Branco ou Dourado,,,,,,,,C,,,"1ª Leitura - At 15,1-2.22-29  / Salmo - Sl 66,2-3.5.6.8 (R. 4)  / 2ª Leitura - Ap 21,10-14.22-23  / Evangelho - Jo 14,23-29"
05/27/2019,Segunda,2ª-feira da 6ª Semana da Páscoa,,Branco,,,,,,,,C,,,"1ª Leitura - At 16,11-15  / Salmo - Sl 149, 1-2. 3-4. 5.6a.9b (R.4a)  / Evangelho - Jo 15,26 - 16,4a"
05/28/2019,Terça,3ª-feira da 6ª Semana da Páscoa,,Branco,,,,,,,,C,,,"1ª Leitura - At 16,22-34  / Salmo - Sl 137, 1-2a. 2bc-3. 7c-8 (R. 7c)  / Evangelho - Jo 16,5-11"
05/29/2019,Quarta,4ª-feira da 6ª Semana da Páscoa,,Branco,,,,,,,,C,,,"1ª Leitura - At 17,15.22 - 18,1  / Salmo - Sl 148, 1-2. 11-12ab. 12c-14a. 14bcd  / Evangelho - Jo 16,12-15"
05/30/2019,Quinta,5ª-feira da 6ª Semana da Páscoa,,Branco,,,,,,,,C,,,"1ª Leitura - At 18,1-8  / Salmo - Sl 97, 1. 2-3ab. 3cd-4 (R. Cf. 2b)  / Evangelho - Jo 16,16-20"
05/31/2019,Sexta,6ª-feira da 6ª Semana da Páscoa,Visitação de Nossa Senhora,Azul,,,X,,,,,C,"cf. Lc 1,45","És feliz, porque creste, Maria, pois, em ti, a Palavra de Deus vai cumprir-se, conforme Ele disse!","1ª Leitura - Sf 3,14-18  / Salmo - Is 12,2-3.4bcd.5-6 (R.6b)  / Evangelho - Lc 1,39-56  / 1ª Leitura - Rm 12,9-16b"
06/01/2019,Sábado,Sábado da 6ª Semana da Páscoa,"São Justino, mártir",Vermelho,,,,,,,,C,,,"1ª Leitura - At 18, 23-28  / Salmo - Sl 46(47), 2-3,8-9,10 (R. 8a)  / Evangelho - Jo 16,23b-28"
06/02/2019,Domingo,7º Domingo da Páscoa,Ascensão do Senhor,Dourado,X,,,,,,,C,,,"1ª Leitura - At 1,1-11  / Salmo - Sl 46,2-3.6-7.8-9(R.6)  / 2ª Leitura - Ef 1,17-23  / 2ª Leitura - Hb 9,24-28;10,19-23  / Evangelho - Lc 24,46-53"
06/03/2019,Segunda,2ª-feira da 7ª Semana da Páscoa,"Santos Carlos Lwanga, e seus companheiros, mártires",Vermelho,,,,,,,,C,,,"1ª Leitura - At 19,1-8  / Salmo - Sl 67, 2-3. 4-5ac. 6-7ab (R. 33a)  / Evangelho - Jo 16,29-33"
06/04/2019,Terça,3ª-feira da 7ª Semana da Páscoa,,Branco,,,,,,,,C,,,"1ª Leitura - At 20,17-27  / Salmo - Sl 67, 10-11. 20-21 (R. 33a)  / Evangelho - Jo 17,1-11a"
06/05/2019,Quarta,4ª-feira da 7ª Semana da Páscoa,"São Bonifácio, bispo e mártir",Vermelho,,,,,,,,C,,,"1ª Leitura - At 20,28-38  / Salmo - Sl 67, 29-30. 33-35a. 35b-36c (R. 33a)  / Evangelho - Jo 17,11b-19"
06/06/2019,Quinta,5ª-feira da 7ª Semana da Páscoa,,Branco,,,,,,,,C,,,"1ª Leitura - At 22,30; 23,6-11  / Salmo - Sl 15, 1-2a.5. 7-8. 9-10. 11 (R.1)  / Evangelho - Jo 17,20-26"
06/07/2019,Sexta,6ª-feira da 7ª Semana da Páscoa,,Branco,,,,,,,,C,,,"1ª Leitura - At 25,13b-21  / Salmo - Sl 102, 1-2. 11-12. 19-20ab (R. 19a)  / Evangelho - Jo 21,15-19"
06/08/2019,Sábado,Sábado da 7ª Semana da Páscoa,,Branco,,,,,,,,C,,,"1ª Leitura - At 28,16-20.30-31  / Salmo - Sl 10, 4. 5.7 (R. Cf. 7b)  / Evangelho - Jo 21,20-25"
06/09/2019,Domingo,Domingo de Pentecostes - Missa do Dia,,Vermelho,X,,,,,,,C,,,"1ª Leitura - At 2,1-11  / Salmo - Sl 103, 1ab.24ac.29bc-30 31.34 (R.30)  / 2ª Leitura - 1Cor 12,3b-7.12-13  / Evangelho - Jo 20,19-23  / 2ª Leitura - Rm 8,8-17  / Evangelho - Jo 14,15-16.23b-26"
06/10/2019,Segunda,2ª-feira da 10ª Semana Do Tempo Comum,,Verde,,,,,,,,C,,,"1ª Leitura - 1Rs 17,1-6  / Salmo - Sl 120,1-2. 3-4. 5-6. 7-8 (R. Cf. 2)  / Evangelho - Mt 5,1-12a"
06/11/2019,Terça,3ª-feira da 10ª Semana Do Tempo Comum,"São Barnabé, Apóstolo",Vermelho,,,,,X,,,C,"Mt 28,19a,20b","Ide ao mundo e ensinai a todas as nações! Eis que eu estou convosco, até o fim do mundo!","1ª Leitura - At 11,21b-26; 13,1-3  / Salmo - Sl 97 (98),1. 2-3ab. 3cd-4. 5-6 (R. 2a)  / Evangelho - Mt 10,7-13"
06/12/2019,Quarta,4ª-feira da 10ª Semana Do Tempo Comum,,Verde,,,,,,,,C,,,"1ª Leitura - 2Cor 3,4-11  / Salmo - Sl 98, 5. 6. 7. 8. 9 (R. Cf. 9c)  / Evangelho - Mt 5,17-19"
06/13/2019,Quinta,5ª-feira da 10ª Semana Do Tempo Comum,"Santo Antônio de Pádua (de Lisboa), presbítero e doutor da Igreja",Branco,,,,,,,,C,,,"1ª Leitura - 2Cor 3,15-4,1.3-6  / Salmo - Sl 84,9ab10. 11-12. 13-14 (R. Cf. 10b)  / Evangelho - Mt 5,20-26"
06/14/2019,Sexta,6ª-feira da 10ª Semana Do Tempo Comum,"Santo Eliseu, Profeta",Branco,,,,,,,X,C,"cf. 2Rs 5,8;13,14","Saibam todos que existe um profeta em Israel: pai, carro e condutor de Israel.","1ª Leitura - 2Rs 2, 11-15  / Salmo - Sl 103,1-2a.24.27-28.29bc-30  / Evangelho - Lc 4, 24-27"
06/15/2019,Sábado,Sábado da 10ª Semana Do Tempo Comum,,Verde,,,,,,,,C,,,"1ª Leitura - 2Cor 5,14-21  / Salmo - Sl 102, 1-2. 3-4. 8-9. 11-12 (R. 8a)  / Evangelho - Mt 5,33-37"
06/16/2019,Domingo,11º Domingo Do Tempo Comum,Santíssima Trindade,Branco ou Dourado,X,,,,,,,C,,,"1ª Leitura - Pr 8,22-31  / Salmo - Sl 8,4-5.6-7.8-9 (R. 2a)  / 2ª Leitura - Rm 5,1-5  / Evangelho - Jo 16,12-15"
06/17/2019,Segunda,2ª-feira da 11ª Semana Do Tempo Comum,,Verde,,,,,,,,C,,,"1ª Leitura - 2Cor 6,1-10  / Salmo - Sl 97, 1. 2-3ab. 3cd-4 (R.2a)  / Evangelho - Mt 5,38-42"
06/18/2019,Terça,3ª-feira da 11ª Semana Do Tempo Comum,,Verde,,,,,,,,C,,,"1ª Leitura - 2Cor 8,1-9  / Salmo - Sl 145,2. 5-6. 7. 8-9a (R. 1)  / Evangelho - Mt 5,43-48"
06/19/2019,Quarta,4ª-feira da 11ª Semana Do Tempo Comum,,Verde,,,,,,,,C,,,"1ª Leitura - 2Cor 9,6-11  / Salmo - Sl 111, 1-2. 3-4. 9 (R. 1a)  / Evangelho - Mt 6,1-6.16-18"
06/20/2019,Quinta,5ª-feira da 11ª Semana Do Tempo Comum,Santíssimo Corpo e Sangue de Cristo,Dourado,X,,,,,,,C,,,"1ª Leitura - Gn 14,18-20  / Salmo - Sl 109,1.2.3.4 (R. 4bc)  / 2ª Leitura - 1Cor 11,23-26  / Evangelho - Lc 9,11b-17"
06/21/2019,Sexta,6ª-feira da 11ª Semana Do Tempo Comum,"São Luís Gonzaga, religioso",Branco,,,,,,,,C,,,"1ª Leitura - 2Cor 11,18.21b-30  / Salmo - Sl 33,2-3. 4-5. 6-7 (R. Cf. 18b)  / Evangelho - Mt 6,19-23"
06/22/2019,Sábado,Sábado da 11ª Semana Do Tempo Comum,,Verde,,,,,,,,C,,,"1ª Leitura - 2Cor 12,1-10  / Salmo - Sl 33, 8-9. 10-11. 12-13 (R. 9a)  / Evangelho - Mt 6,24-34"
06/23/2019,Domingo,12º Domingo Do Tempo Comum,,Verde,,,,,,,,C,,,"1ª Leitura - Zc 12,10-11;13,1  / Salmo - Sl 62,2.abcd.2e-4.5-6.8-9 (R. 2ce)  / 2ª Leitura - Gl 3,26-29  / Evangelho - Lc 9,18-24"
06/23/2019,Domingo,12º Domingo Do Tempo Comum,Natividade de São João Batista - Missa da Vigília,Branco,X,,,,,,,C,"Cf. Jo 1,7; Lc 1,17","João veio dar testemunho da Luz; a fim de preparar um povo bem disposto, para a vinda do Senhor.","1ª Leitura - Jr 1,4-10 / Salmo - Sl 70(71),1-2.3-4a.5-6ab.15ab e 17 (R. 6b)  / 2ª Leitura - 1Pd 1, 8-12  / Evangelho - Lc 1,5-17"
06/24/2019,Segunda,2ª-feira da 12ª Semana Do Tempo Comum,Natividade de São João Batista - Missa do Dia,Branco,X,,,,,,,C,"Lc 1,76","Serás chamado, ó menino, o profeta do Altíssimo: irás diante do Senhor, preparando-lhe os caminhos.","1ª Leitura - Is 49,1-6  / Salmo - Sl 138(139),1-3.13-14ab.14c-15 (R. 14a)  / 2ª Leitura - At 13,22-26  / Evangelho - Lc 1,57-66"
06/25/2019,Terça,3ª-feira da 12ª Semana Do Tempo Comum,,Verde,,,,,,,,C,,,"1ª Leitura - Gn 13,2.5-18  / Salmo - Sl 14, 2-3ab. 3cd-4ab. 5 (R. 1b)  / Evangelho - Mt 7,6.12-14"
06/26/2019,Quarta,4ª-feira da 12ª Semana Do Tempo Comum,,Verde,,,,,,,,C,,,"1ª Leitura - Gn 15,1-12.17-18  / Salmo - Sl 104,1-2. 3-4. 6-7. 8-9 (R. 8a)  / Evangelho - Mt 7,15-20"
06/27/2019,Quinta,5ª-feira da 12ª Semana Do Tempo Comum,Nossa Senhora do Perpétuo Socorro,Azul,,,,,,,X,C,"cf. Lc 1,45","És feliz, porque creste, Maria, pois, em ti, a Palavra de Deus vai cumprir-se, conforme Ele disse!","1ª Leitura - Is 7, 10-17  / Salmo - Sl 70,1-2.3a.4a-5.12  / Evangelho - Mt 12,46-50"
06/28/2019,Sexta,6ª-feira da 12ª Semana Do Tempo Comum,Sagrado Coração de Jesus,Dourado,X,,,,,,,C,,,"1ª Leitura - Ez 34,11-16  / Salmo - Sl 22,1-3a.3b-4.5.6 (R. 1)  / 2ª Leitura - Rm 5,5b-11  / Evangelho - Lc 15,3-7"
06/29/2019,Sábado,Sábado da 12ª Semana Do Tempo Comum,"São Pedro e São Paulo, Apóstolos",Vermelho,,X,,,,,,C,"Mt 16, 13-19","Tu és Pedro e sobre esta pedra, eu irei construir minha Igreja, e as portas do inferno não irão derrotá-la.","1ª Leitura - At 12,1-11  / Salmo - Sl 33(34),2-3.4-5.6-7.8-9 (R. 5)  / 2ª Leitura - 2Tm 4,6-8.17-18  / Evangelho - Mt 16,13-19"
06/30/2019,Domingo,13º Domingo Do Tempo Comum,,Verde,,,,,,,,C,,,"1ª Leitura - 1Rs 19,16b,19-21  / Salmo - 15(16),1-2a,5,7-8,9-10,11 (R, cf. 5a)  / 2ª Leitura - Gl 5,1,13-18  / Evangelho - Lc 9,51-62"
07/01/2019,Segunda,2ª-feira da 13ª Semana Do Tempo Comum,,Verde,,,,,,,,C,,,"1ª Leitura - Gn 18,16-33  / Salmo - Sl 102,1-2. 3-4. 8-9. 10-11 (R. 8a)  / Evangelho - Mt 8,18-22"
07/02/2019,Terça,3ª-feira da 13ª Semana Do Tempo Comum,,Verde,,,,,,,,C,,,"1ª Leitura - Gn 19,15-29  / Salmo - Sl 25,2-3. 9-10. 11-12 (R.3a)  / Evangelho - Mt 8,23-27"
07/03/2019,Quarta,4ª-feira da 13ª Semana Do Tempo Comum,"São Tomé, Apóstolo",Vermelho,,,X,,,,,C,"Jo 20,29","Acreditaste, Tomé, porque me viste. Felizes os que creem , sem ter visto.","1ª Leitura - Ef 2,19-22  / Salmo - Sl 116(117),1-2 (R. Mc 16,15)  / Evangelho - Jo 20,24-29"
07/04/2019,Quinta,5ª-feira da 13ª Semana Do Tempo Comum,,Verde,,,,,,,,C,,,"1ª Leitura - Gn 22,1-19  / Salmo - Sl 114,1-2.3-4.5-6.8-9 (R. 9)  / Evangelho - Mt 9,1-8"
07/05/2019,Sexta,6ª-feira da 13ª Semana Do Tempo Comum,,Verde,,,,,,,,C,,,"1ª Leitura - Gn 23,1-4.19; 24,1-8.62-67  / Salmo - Sl 105, 1-2. 3-4a. 4b-5 (R. 1a)  / Evangelho - Mt 9,9-13"
07/06/2019,Sábado,Sábado da 13ª Semana Do Tempo Comum,,Verde,,,,,,,,C,,,"1ª Leitura - Gn 27,1-5.15-29  / Salmo - Sl 134,1-2. 3-4. 5-6 (R. 3a)  / Evangelho - Mt 9,14-17"
07/07/2019,Domingo,14º Domingo Do Tempo Comum,,Verde,,,,,,,,C,"Cl 3,15a.16a",A paz de Cristo reine em vossos corações; ricamente habite em vós sua palavra!,"1ª Leitura - Is 66,10-14c  / Salmo - Sl 65,1-3a.4-5.6-7a.16.20 (R.1)  / 2ª Leitura - Gl 6,14-18  / Evangelho - Lc 10,1-12.17-20  / Evangelho - Lc 10,1-9"
07/08/2019,Segunda,2ª-feira da 14ª Semana Do Tempo Comum,,Verde,,,,,,,,C,"Cf. 2Tm 1,10",Jesus Cristo Salvador destruiu o mal e a morte; fez brilhar pelo Evangelho a luz e a vida imperecíveis.,"1ª Leitura - Gn 28,10-22a  / Salmo - Sl 90,1-2. 3-4. 14-15ab (R. Cf. 2b)  / Evangelho - Mt 9,18-26"
07/09/2019,Terça,3ª-feira da 14ª Semana Do Tempo Comum,"Santa Paulina do Sagrado Coração de Jesus, Religiosa",Branco,,,,,,,,C,"Jo 10,14","Eu sou o bom pastor, conheço minhas ovelhas e elas me conhecem, assim fala o Senhor.","1ª Leitura - Gn 32,23-33 (gr. 22-32)  / Salmo - Sl 16,1. 2-3. 6-7. 8b.15 (R. 15a)  / Evangelho - Mt 9,32-38"
07/10/2019,Quarta,4ª-feira da 14ª Semana Do Tempo Comum,,Verde,,,,,,,,C,"Mc 1,15","Convertei-vos e crede no Evangelho, pois, o Reino de Deus está chegando!","1ª Leitura - Gn 41,55-57.42,5-7a.17-24a  / Salmo - Sl 32,2-3. 10-11. 18-19 (R. 22)  / Evangelho - Mt 10,1-7"
07/11/2019,Quinta,5ª-feira da 14ª Semana Do Tempo Comum,"São Bento, abade",Branco,,,,,,,,C,"Mc 1,15","Convertei-vos e crede no Evangelho, pois, o Reino de Deus está chegando!","1ª Leitura - Gn 44,18-21.23b-29; 45,1-5  / Salmo - Sl 104,16-17. 18-19. 20-21 (R. 5a)  / Evangelho - Mt 10,7-15"
07/12/2019,Sexta,6ª-feira da 14ª Semana Do Tempo Comum,,Verde,,,,,,,,C,"Jo 16,13a; 14,26d","Quando o Paráclito vier, o Espírito da verdade, ele vos conduzirá a toda a verdade, lembrar-vos-á de tudo, o que eu tenho falado.","1ª Leitura - Gn 46,1-7.28-30  / Salmo - Sl 36,3-4. 18-19. 27-28. 39-40 (R. 39a)  / Evangelho - Mt 10,16-23"
07/13/2019,Sábado,Sábado da 11ª Semana Do Tempo Comum,,Verde,,,,,,,,C,"1Pd 4,14","Felizes sereis vós, se fordes ultrajados, por causa de Jesus pois, repousa sobre vós, o Espírito de Deus.","1ª Leitura - 2Cor 12,1-10  / Salmo - Sl 33, 8-9. 10-11. 12-13 (R. 9a)  / Evangelho - Mt 6,24-34"
07/14/2019,Domingo,15º Domingo Do Tempo Comum,,Verde,,,,,,,,C,"cf. Jo 6,63c.68c","Ó Senhor, vossas palavras são espírito e vida; as palavras que dizeis bem que são de eterna vida!","1ª Leitura - Dt 30,10-14  / Salmo - Sl 68,14.17.30-31.33-34.36ab.37 (R.cf.33)  / 1ª Leitura - Cl 1,15-20  / Evangelho - Lc 10,25-37"
07/15/2019,Segunda,2ª-feira da 15ª Semana Do Tempo Comum,"São Boaventura, bispo e doutor da Igreja",Branco,,,,,,,,C,"Mt 5,10","Felizes os que são perseguidos, por causa da justiça do Senhor, porque o Reino dos Céus há de ser deles!","1ª Leitura - Ex 1,8-14.22  / Salmo - Sl 123,1-3. 4-6. 7-8 (R. 8a)  / Evangelho - Mt 10,34-11,1"
07/16/2019,Terça,3ª-feira da 15ª Semana Do Tempo Comum,Nossa Senhora do Carmo,Azul,,,,X,,,,C,………………,"Junto à Cruz de Jesus estava sua Mãe, firme na fé, confirmada na esperança, abrasada no fogo da caridade.","1ª Leitura - 1Rs 18,42b-45a / Salmo - Sl 14,1-4 / Evangelho - Jo 19, 25-27"
07/17/2019,Quarta,4ª-feira da 15ª Semana Do Tempo Comum,"Bv. Inácio de Azevedo, presbítero, e seus companheiros, mártires",Vermelho,,,,,,,,C,"Cf. Mt 11,25","Graças te dou, ó Pai, Senhor do céu e da terra, pois, revelaste os mistérios do teu Reino aos pequeninos, escondendo-os aos doutores!","1ª Leitura - Ex 3,1-6.9-12  / Salmo - Sl 102,1-2.3-4.6-7 (R. 8a) / Evangelho - Mt 11,25-27"
07/18/2019,Quinta,5ª-feira da 15ª Semana Do Tempo Comum,,Verde,,,,,,,,C,"Mt 11,28","Vinde a mim, todos vós que estais cansados, e descanso eu vos darei, diz o Senhor.","1ª Leitura - Ex 3,13-20  / Salmo - Sl 104,1.5. 8-9. 24-25. 26-27 (R.8a)  / Evangelho - Mt 11,28-30"
07/19/2019,Sexta,6ª-feira da 15ª Semana Do Tempo Comum,,Verde,,,,,,,,C,"Jo 20,27","Minhas ovelhas escutam minha voz, eu as conheço e elas me seguem!","1ª Leitura - Ex 11,10-12,14  / Salmo - Sl 115,12-13.15-16bc.17-18 (R. 13)  / Evangelho - Mt 12,1-8"
07/20/2019,Sábado,Sábado da 15ª Semana Do Tempo Comum,"Santo Elias, Profeta",Branco,,,,,,X,,C,"Lc 9,35","Este é o meu Filho, o Escolhido. Escutai o que ele diz!","1ª Leitura - 1Rs 19, 4-9a,11-14  / Salmo - Sl 15,1-2.5-6.8-11  / Evangelho - Lc 9,28b-36"
07/21/2019,Domingo,16º Domingo Do Tempo Comum,,Verde,,,,,,,,C,"Lc 8,15","Felizes os que observam a palavra do Senhor, de reto coração, e que produzem muitos frutos, até o fim perseverantes!","1ª Leitura - Gn 18,1-10a  / Salmo - Sl 14,2-3a.3cd-4ab.5 (R. 1a)  / 2ª Leitura - Cl 1,24-28  / Evangelho - Lc 10,38-42"
07/22/2019,Segunda,2ª-feira da 16ª Semana Do Tempo Comum,Santa Maria Madalena,Branco,,,,,X,,,C,………………,"Respondei-nos, ó Maria no teu caminho o que havia? Vi Cristo ressuscitado, o túmulo abandonado!","1ª Leitura - Ct 3,1-4a  / 1ª Leitura - 2Cor 5,14-17  / Salmo - Sl 62(63),2.3-4.5-6.8-9 (R. 2b)  / Evangelho - Jo 20,1-2.11-18"
07/23/2019,Terça,3ª-feira da 16ª Semana Do Tempo Comum,,Verde,,,,,,,,C,"Jo 14,23","Quem me ama, realmente, guardará minha palavra e meu Pai o amará e a ele nós viremos.","1ª Leitura - Ex 14,21-15,1  / Salmo - Ex 15,8-9. 10.12. 17  / Evangelho - Mt 12,46-50"
07/24/2019,Quarta,4ª-feira da 16ª Semana Do Tempo Comum,,Verde,,,,,,,,C,………………,"A semente é de Deus a palavra, o Cristo é semeador, todo aquele que o encontra, vida eterna encontrou.","1ª Leitura - Ex 16,1-5.9-15  / Salmo - Sl 77,18-19. 23-24. 25-26. 27-28 (R. 24b)  / Evangelho - Mt 13,1-9"
07/25/2019,Quinta,5ª-feira da 16ª Semana Do Tempo Comum,"São Tiago, Apóstolo",Vermelho,,,X,,,,,C,"Jo 15,16","Eu vos designei para que vades e deis frutos e o vosso fruto permaneça, assim diz o Senhor.","1ª Leitura - 2Cor 4,7-15  / Salmo - Sl 125(126),1-2ab.2cd-3.4-5.6 (R.5)  / Evangelho - Mt 20,20-28"
07/26/2019,Sexta,6ª-feira da 16ª Semana Do Tempo Comum,"São Joaquim e Sant’Ana, pais de Nossa Senhora",Branco,,,,,,,,C,"Cf. Lc 8,15","Felizes os que observam a palavra do Senhor, de reto coração, e que produzem muitos frutos, até o fim perseverantes!","1ª Leitura - Ex 20,1-17  / Salmo - Sl 18, 8. 9. 10. 11 (R 9a)  / Evangelho - Mt 13,18-23"
07/27/2019,Sábado,Sábado da 16ª Semana Do Tempo Comum,,Verde,,,,,,,,C,"Tg 1,21bc","Acolhei docilmente a Palavra semeada em vós, meus irmãos; ela pode salvar vossas vidas!","1ª Leitura - Ex 24,3-8  / Salmo - Sl 49,1-2. 5-6. 14-15 (R. 14a)  / Evangelho - Mt 13,24-30"
07/28/2019,Domingo,17º Domingo Do Tempo Comum,,Verde,,,,,,,,C,"Rm 8,15bc","Recebestes o Espírito de adoção; é por ele que clamamos: Abá, Pai!","1ª Leitura - Gn 18,20-32  / Salmo - Sl 137,1-2a.2bc-3.6-7ab.7c.8 (R. 3a)  / 2ª Leitura - Cl 2,12-14  / Evangelho - Lc 11,1-13"
07/29/2019,Segunda,2ª-feira da 17ª Semana Do Tempo Comum,Santa Marta,Branco,,,,,X,,,C,"Jo 8,12","Eu sou a luz do mundo, aquele que me segue, não caminha entre as trevas, mas terá a luz da vida.","1ª Leitura - 1Jo 4,7-16  / Salmo - Sl 33(34),2-3.4-5.6-7.8-9.10-11 (R. 2a ou 9a)  / Evangelho - Jo 11,19-27  / Evangelho - Lc 10,38-42"
07/30/2019,Terça,3ª-feira da 17ª Semana Do Tempo Comum,,Verde,,,,,,,,C,………………,"A semente é de Deus a palavra, o Cristo é semeador, todo aquele que o encontra, vida eterna encontrou.","1ª Leitura - Ex 33,7-11; 34,5b.28  / Salmo - Sl 102,6-7. 8-9. 10-11. 12-13 (R. 8a)  / Evangelho - Mt 13,36-43"
07/31/2019,Quarta,4ª-feira da 17ª Semana Do Tempo Comum,"Santo Inácio de Loiola, presbítero",Branco,,,,,,,,C,"Jo 15,15b","Eu vos chamo meus amigos, pois, vos dei a conhecer o que o Pai me revelou.","1ª Leitura - Ex 34,29-35 / Salmo - Sl 98, 5. 6. 7. 9 (R. Cf. 9c) / Evangelho - Mt 13,44-46"
08/01/2019,Quinta,5ª-feira da 17ª Semana Do Tempo Comum,"Santo Afonso Maria de Ligório, bispo e doutor da Igreja",Branco,,,,,,,,C,"Cf. At 16,14b","Abre-nos, ó Senhor, o coração, para ouvirmos a Palabvra de Jesus!","1ª Leitura - Ex 40,16-21.34-38  / Salmo - Sl 83 (84),3. 4. 5-6a.8a. 11 (R. 2)  / Evangelho - Mt 13,47-53"
08/02/2019,Sexta,6ª-feira da 17ª Semana Do Tempo Comum,,Verde,,,,,,,,C,"1Pd 1,25","A Palavra do Senhor permanece eternamente, e esta é a Palavra que vos foi anunciada.","1ª Leitura - Lv 23,1.4-11.15-16.27.34b-37  / Salmo - Sl 80,3-4. 5-6ab. 10-11ab (R.2a)  / Evangelho - Mt 13,54-58"
08/03/2019,Sábado,Sábado da 17ª Semana Do Tempo Comum,,Verde,,,,,,,,C,"Mt 5,10","Felizes os que são perseguidos, por causa da justiça do Senhor, porque o Reino dos Céus há de ser deles!","1ª Leitura - Lv 25,1.8-17  / Salmo - Sl 66, 2-3. 5. 7-8 (R. 4)  / Evangelho - Mt 14,1-12"
08/04/2019,Domingo,18º Domingo Do Tempo Comum,,Verde,,,,,,,,C,"Mt 5,3","Felizes os humildes de espírito, porque deles é o Reino dos Céus.","1ª Leitura - Eclo 1,2; 2,21-23  / Salmo - Sl 89,3-4.5-6.12-13.14.17 (R.1)  / 2ª Leitura - Cl 3,1-5.9-11  / Evangelho - Lc 12,13-21"
08/05/2019,Segunda,2ª-feira da 18ª Semana Do Tempo Comum,,Verde,,,,,,,,C,"Mt 4,4b","O homem não vive somente de pão, mas de toda a Palavra da boca de Deus.","1ª Leitura - Nm 11,4b-15  / Salmo - Sl 80,12-13. 14-15. 16-17 (R. 2a)  / Evangelho - Mt 14,13-21"
08/06/2019,Terça,3ª-feira da 18ª Semana Do Tempo Comum,Transfiguração do Senhor,Branco ou Dourado,,,X,,,,,C,"Mt 17,5c","Eis meu Filho muito amado; nele está meu bem-querer, escutai-o, todos vós!","1ª Leitura - Dn 7,9-10.13-14  / Salmo - Sl 96(97),1-2.5-6.9 (R. 1a.9a)  / 2ª Leitura - 2Pd 1,16-19  / Evangelho - Lc 9,28b-36"
08/07/2019,Quarta,4ª-feira da 18ª Semana Do Tempo Comum,,Verde,,,,,,,,C,"Lc 7,16","Um grande profeta surgiu entre nós e Deus visitou o seu povo, aleluia.","1ª Leitura - Nm 13,1-2.25-14,1.26-29  / Salmo - Sl 105,6-7a. 13-14. 21-22. 23 (R. 4a)  / Evangelho - Mt 15,21-28"
08/08/2019,Quinta,5ª-feira da 18ª Semana Do Tempo Comum,"São Domingos, presbítero",Branco,,,,,,,,C,"Mt 16,18","Tu és Pedro e sobre esta pedra, eu irei construir minha Igreja, e as portas do inferno não irão derrotá-la.","1ª Leitura - Nm 20,1-13  / Salmo - Sl 94,1-2.6-7.8-9 (R. 8ab)  / Evangelho - Mt 16,13-23"
08/09/2019,Sexta,6ª-feira da 18ª Semana Do Tempo Comum,,Verde,,,,,,,,C,"Mt 5,10","Felizes os que são perseguidos, por causa da justiça do Senhor, porque o Reino dos Céus há de ser deles!","1ª Leitura - Dt 4,32-40  / Salmo - Sl 76,12-13. 14-15. 16.21 (R.12a)  / Evangelho - Mt 16,24-28"
08/10/2019,Sábado,Sábado da 18ª Semana Do Tempo Comum,"São Lourenço, Diácono e Mártir",Vermelho,,,X,,,,,C,"Jo 8,12bc","Aquele que me segue, não caminha entre as trevas, mas terá a luz da vida.","1ª Leitura - 2Cor 9,6-10  / Salmo - Sl 111(112),1-2.5-6.7-8.9(R.5a)  / Evangelho - Jo 12,24-26"
08/11/2019,Domingo,19º Domingo Do Tempo Comum,,Verde,,,,,,,,C,"Mt 24,42a.44","É preciso vigiar e ficar de prontidão; em que dia o Senhor há de vir, não sabeis não!","1ª Leitura - Sb 18,6-9  / Salmo - Sl 32,1.12.18-19.20.22 (R.12b)  / 1ª Leitura - Hb 11,1-2.8-19  / 2ª Leitura - Hb 11,1-2.8-12  / Evangelho - Lc 12,32-48  / Evangelho - Lc 12,35-40"
08/12/2019,Segunda,2ª-feira da 19ª Semana Do Tempo Comum,,Verde,,,,,,,,C,"Cf. 2Ts 2,14","Pelo Evangelho o Pai nos chamou, a fim de alcançarmos a glória de nosso Senhor Jesus Cristo.","1ª Leitura - Dt 10,12-22  / Salmo - Sl 147 (148),12-13. 14-15. 19-20 (R. 12a)  / Evangelho - Mt 17,22-27"
08/13/2019,Terça,3ª-feira da 19ª Semana Do Tempo Comum,,Verde,,,,,,,,C,"Mt 11,29ab",Tomai meu jugo sobre vós e aprendei de mim que sou de coração humilde e manso!,"1ª Leitura - Dt 31,1-8  / Salmo - Dt 32,3-4a. 7. 8. 9.12 (R.9a)  / Evangelho - Mt 18,1-5.10.12-14"
08/14/2019,Quarta,4ª-feira da 19ª Semana Do Tempo Comum,"São Maximiliano Maria Kolbe, presbítero e mártir",Vermelho,,,,,,,,C,"2Cor 5,19","Em Cristo, Deus reconcilou consigo mesmo a humanidade; e a nós ele entregou esta reconciliação.","1ª Leitura - Dt 34,1-12  / Salmo - Sl 65,1-3a. 5.16-17 (R. Cf. 20a.9a)  / Evangelho - Mt 18,15-20"
08/15/2019,Quinta,5ª-feira da 19ª Semana Do Tempo Comum,,Verde,,,,,,,,C,"Sl 118(119),135",Fazei brilhar vosso semblante ao vosso servo e ensinai-me vossas leis e mandamentos!,"1ª Leitura - Js 3,7-10a.11.13-17  / Salmo - Sl 113A,1-2. 3-4. 5-6  / Evangelho - Mt 18,21-19,1"
08/16/2019,Sexta,6ª-feira da 19ª Semana Do Tempo Comum,,Verde,,,,,,,,C,"1Ts 2,13","Acolhei a Palavra de Deus, não como palavra humana, mas como mensagem de Deus o que ela é, em verdade!","1ª Leitura - Js 24,1-13  / Salmo - Sl 135,1-3. 16-18. 21-22.24  / Evangelho - Mt 19,3-12"
08/17/2019,Sábado,Sábado da 19ª Semana Do Tempo Comum,,Verde,,,,,,,,C,"Cf. Mt 11,25","Graças te dou, ó Pai, Senhor do céu e da terra, pois, revelaste os mistérios do teu Reino aos pequeninos, escondendo-os aos doutores!","1ª Leitura - Js 24,14-29  / Salmo - Sl 15,1-2a.5. 7-8. 11 (R. Cf. 5a)  / Evangelho - Mt 19,13-15"
08/17/2019,Sábado,Sábado da 19ª Semana Do Tempo Comum,Assunção de Nossa Senhora - Missa da Vigília,Azul,X,,,,,,,C,"Lc 11,28",Felizes aqueles que ouvem a Palavra de Deus e a guardam!,"1ª Leitura - 1Cr 15,3-4.15-16; 16,1-2 / Salmo - Sl 131(132),6-7.9-10.13-14 (R. 8) / 2ª Leitura - 1Cor 15,54-57 / Evangelho - Lc 11,27-28"
08/18/2019,Domingo,20º Domingo Do Tempo Comum,Assunção de Nossa Senhora - Missa do Dia,Azul,X,,,,,,,C,………………,"Maria é elevada ao céu, alegram-se os coros dos anjos.","1ª Leitura - Ap 11,19a; 12,1-6a.10ab / Salmo - Sl 44(45),10bc.11.12ab.16 (R. 10b) / 2ª Leitura - 1Cor 15,20-26.28 / Evangelho - Lc 1,39-56"
08/19/2019,Segunda,2ª-feira da 20ª Semana Do Tempo Comum,,Verde,,,,,,,,C,"Mt 5,3","Felizes os humildes de espírito, porque deles é o Reino dos Céus.","1ª Leitura - Jz 2,11-19  / Salmo - Sl 105,34-35. 36-37. 39-40. 43ab.44 (R. 4a)  / Evangelho - Mt 19,16-22"
08/20/2019,Terça,3ª-feira da 20ª Semana Do Tempo Comum,"São Bernardo, abade e doutor da Igreja",Branco,,,,,,,,C,"2Cor 8,9","Jesus Cristo, Senhor nosso, embora sendo rico, para nós se tornou pobre, a fim de enriquecer-nos, mediante sua probreza.","1ª Leitura - Jz 6,11-24a  / Salmo - Sl 84,9. 11-12. 13-14 (R. 9b)  / Evangelho - Mt 19,23-30"
08/21/2019,Quarta,4ª-feira da 20ª Semana Do Tempo Comum,"São Pio X, papa",Branco,,,,,,,,C,"Hb 4,12",A Palavra do Senhor é viva e eficaz: ela julga os pensamentos e as intenções do coração.,"1ª Leitura - Jz 9,6-15  / Salmo - Sl 20,2-3. 4-5. 6-7 (R. 2a)  / Evangelho - Mt 20,1-16a"
08/22/2019,Quinta,5ª-feira da 20ª Semana Do Tempo Comum,Nossa Senhora Rainha,Azul,,,,,X,,,C,"Cf. Lc 1,28","Maria, alegra-te, ó cheia de graça, o Senhor é contigo; és bendita entre todas as mulheres da terra!","1ª Leitura - Is 9,1-6 / Salmo - Sl 112(113),1-2.3-4.5-6.7-8 (R. 2) / Evangelho - Lc 1,26-38"
08/23/2019,Sexta,6ª-feira da 20ª Semana Do Tempo Comum,"Santa Rosa de Lima, virgem",Branco,,,X,,,,,C,"Jo 15,9b,5b","Ficai em meu amor, assim fala o Senhor; quem em mim permanece e no qual permaneço esse dá muito fruto!","1ª Leitura - 2Cor 10,17-11,2  / Salmo - Sl 148,1-2.11-13a.13c-14 (R. Aleluia ou cf. 12a.13a)  / Evangelho - Mt 13,44-46"
08/24/2019,Sábado,Sábado da 20ª Semana Do Tempo Comum,"São Bartolomeu, Apóstolo",Vermelho,,,X,,,,,C,"Jo 1,49b","Mestre, tu és o Filho de Deus, és Rei de Israel!","1ª Leitura - Ap 21,9b-14  / Salmo - Sl 144(145),10-11.12-13ab.17-18 (R. cf. 12a)  / Evangelho - Jo 1,45-51"
08/25/2019,Domingo,21º Domingo Do Tempo Comum,,Verde,,,,,,,,C,"Jo 14,6","Eu sou o Caminho, a Verdade e a Vida; ninguém chega ao Pai senão por mim.","1ª Leitura - Is 66,18-21  / Salmo - Sl 116,1.2 (R.Mc 16,15)  / 2ª Leitura - Hb 12,5-7.11-13  / Evangelho - Lc 13,22-30"
08/26/2019,Segunda,2ª-feira da 21ª Semana Do Tempo Comum,,Verde,,,,,,,,C,"Jo 10,27","Minhas ovelhas escutam minha voz, eu as conheço e elas me seguem!","1ª Leitura - 1Ts 1,1-5.8b-10  / Salmo - Sl 149, 1-2. 3-4. 5-6a.9b (R.4a)  / Evangelho - Mt 23,13-22"
08/27/2019,Terça,3ª-feira da 21ª Semana Do Tempo Comum,Santa Mônica,Branco,,,,,,,,C,"Hb 4,12",A Palavra do Senhor é viva e eficaz: ela julga os pensamentos e as intenções do coração.,"1ª Leitura - 1Ts 2,1-8  / Salmo - Sl 138 (139),1-3. 4-6 (R. 1)  / Evangelho - Mt 23,23-26"
08/28/2019,Quarta,4ª-feira da 21ª Semana Do Tempo Comum,"Santo Agostinho, bispo e doutor da Igreja",Branco,,,,,,,,C,"1Jo 2,5","O amor de Deus se realiza em todo aquele, que guarda sua Palavra fielmente.","1ª Leitura - 1Ts 2,9-13  / Salmo - Sl 138 (139),7-8. 9-10. 11-12ab (R.1a)  / Evangelho - Mt 23,27-32"
08/29/2019,Quinta,5ª-feira da 21ª Semana Do Tempo Comum,Martírio de São João Batista,Vermelho,,,,,X,,,C,"Mt 5,10","Felizes os que são perseguidos, por causa da justiça do Senhor, porque o Reino dos Céus há de ser deles!","1ª Leitura - Jr 1,17-19  / Salmo - Sl 70(71),1-2.3-4a.5-6ab.15ab e 17 (R. 15a)  / Evangelho - Mc 6,17-29"
08/30/2019,Sexta,6ª-feira da 21ª Semana Do Tempo Comum,,Verde,,,,,,,,C,"Lc 21,36","Vigiai e orai para ficardes de pé, ante o Filho do Homem!","1ª Leitura - 1Ts 4,1-8  / Salmo - Sl 96,1.2b. 5-6. 10. 11-12 (R. 12a)  / Evangelho - Mt 25,1-13"
08/31/2019,Sábado,Sábado da 21ª Semana Do Tempo Comum,,Verde,,,,,,,,C,"Jo 13,34","Eu vos dou novo preceito: que uns aos outros vos ameis, como eu vos tenho amado.","1ª Leitura - 1Ts 4,9-11  / Salmo - Sl 97,1. 7-8. 9 (R. 9)  / Evangelho - Mt 25,14-30"
09/01/2019,Domingo,22º Domingo Do Tempo Comum,,Verde,,,,,,,,C,"Mt 11,29ab","Tomai meu jugo sobre vós e aprendei de mim, que sou de manso e humilde coração!","1ª Leitura - Eclo 3,19-21.30-31 (gr. 17 -18.20.28-29)  / Salmo - Sl 67, 4-5ac.6-7ab.10-11 (R. Cf. 11b  / 2ª Leitura - Hb 12,18-19.22-24a  / Evangelho - Lc 14,1.7-14"
09/02/2019,Segunda,2ª-feira da 22ª Semana Do Tempo Comum,,Verde,,,,,,,,C,"Lc 4,18",O Espírito do Senhor repousa sobre mim e enviou-me a anunciar aos pobres o Evangelho.,"1ª Leitura - 1Ts 4,13-18  / Salmo - Sl 95,1.3. 4-5. 11-12. 13 (R. 13b)  / Evangelho - Lc 4,16-30"
09/03/2019,Terça,3ª-feira da 22ª Semana Do Tempo Comum,"São Gregório Magno, papa e doutor da Igreja",Branco,,,,,,,,C,"Lc 7,16",Um grande profeta surgiu entre nós e Deus visitou o seu povo.,"1ª Leitura - 1Ts 5,1-6.9-11  / Salmo - Sl 26 (27),1. 4. 13-14 (R. 13)  / Evangelho - Lc 4,31-37"
09/04/2019,Quarta,4ª-feira da 22ª Semana Do Tempo Comum,,Verde,,,,,,,,C,"Lc 4,18",O Espírito do Senhor repousa sobre mim e enviou-me a anunciar aos pobres o Evangelho.,"1ª Leitura - 1Cl 1,1-8  / Salmo - Sl 51,10. 11 (R. 10b)  / Evangelho - Lc 4,38-44"
09/05/2019,Quinta,5ª-feira da 22ª Semana Do Tempo Comum,,Verde,,,,,,,,C,"Mt 4,19","Vinde após mim, disse o Senhor, e Eu esinarei a pescar gente.","1ª Leitura - Cl 1,9-14  / Salmo - Sl 97,2-3ab. 3cd-4. 5-6 (R. 2a)  / Evangelho - Lc 5,1-11"
09/06/2019,Sexta,6ª-feira da 22ª Semana Do Tempo Comum,,Verde,,,,,,,,C,"Jo 8,12","Eu sou a luz do mundo, aquele que me segue, não caminha entre as trevas, mas terá a luz da vida.","1ª Leitura - Cl 1,15-20  / Salmo - Sl 99,2. 3. 4. 5 (R. 2c)  / Evangelho - Lc 5,33-39"
09/07/2019,Sábado,Sábado da 22ª Semana Do Tempo Comum,,Verde,,,,,,,,C,"Jo 14,6","Sou o caminho, a Verdade e a Vida: ninguém vem ao Pai, senão por mim!","1ª Leitura - Cl 1,21-23  / Salmo - Sl 53,3-4. 6.8 (R. 6a)  / Evangelho - Lc 6,1-5"
09/08/2019,Domingo,23º Domingo Do Tempo Comum,,Verde,,,,,,,,C,"Sl 118,135",Fazei brilhar vosso semblante ao vosso servo e ensinai-me vossas leis e mandamentos!,"1ª Leitura - Sb 9,13-18 (gr.13-18b)  / Salmo - Sl 89,3-4.5-6.12-13.14 17 (R.1)  / 2ª Leitura - Fm 9b-10.12-17  / Evangelho - Lc 14,25-33"
09/09/2019,Segunda,2ª-feira da 23ª Semana Do Tempo Comum,,Verde,,,,,,,,C,"Jo 10,22","Minhas ovelhas escutam minha voz, eu as conheço e elas me seguem.","1ª Leitura - Cl 1,24-2,3  / Salmo - Sl 61 (62),6-7. 9 (R. 8a)  / Evangelho - Lc 6,6-11"
09/10/2019,Terça,3ª-feira da 23ª Semana Do Tempo Comum,,Verde,,,,,,,,C,"Cf. Jo 15,16","Eu vos escolhi a fim de que deis, no meio do mundo, um fruto que dure.","1ª Leitura - Cl 2,6-15  / Salmo - Sl 144 (145),1-2.8-9. 10-11 (R. 9a)  / Evangelho - Lc 6,12-19"
09/11/2019,Quarta,4ª-feira da 23ª Semana Do Tempo Comum,,Verde,,,,,,,,C,"Lc 6,23ab","Meus discípulos, alegrai-vos, exultai de alegria, pois, bem grande é a recompensa, que nos céus tereis, um dia!","1ª Leitura - Cl 3,1-11  / Salmo - Sl 144 (145),2-3. 10-11. 12-13ab (R. 9a)  / Evangelho - Lc 6,20-26"
09/12/2019,Quinta,5ª-feira da 23ª Semana Do Tempo Comum,Santíssimo Nome de Maria,Azul,,,,,,,X,C,"cf. Lc 1,28","Ave, Maria, cheia de graça, o Senhor é convosco; bendita sois Vós entre as mulheres.","1ª Leitura – Eclo 24, 23-31 / Salmo - Lc 1,46-50.53-54 / Evangelho - Lc 1,26-38"
09/13/2019,Sexta,6ª-feira da 23ª Semana Do Tempo Comum,"São João Crisóstomo, bispo e doutor da Igreja",Branco,,,,,,,,C,"Cf. Jo 1.7,17b.a",Vossa palavra é a verdade; santificai-nos na verdade!,"1ª Leitura - 1Tm 1,1-2.12-14  / Salmo - Sl 15 (16),1-2a.5. 7-8. 11 (R. Cf. 5a)  / Evangelho - Lc 6,39-42"
09/14/2019,Sábado,Sábado da 23ª Semana Do Tempo Comum,Exaltação da Santa Cruz,Vermelho,,,X,,,,,C,………………,"Nós vos bendizemos, Senhor Jesus Cristo, e vos bendizemos, porque pela cruz remistes o mundo!","1ª Leitura - Nm 21,4b-9  / 2ª Leitura - Fl 2,6-11  /  Salmo - Sl 77(78),1-2.34-35.36-37.38 (R. cf. 7c)  / Evangelho - Jo 3,13-17"
09/15/2019,Domingo,24º Domingo Do Tempo Comum,,Verde,,,,,,,,C,"2Cor 5,19","O Senhor reconciliou o mundo em Cristo, confiando-nos sua Palavra, a Palavra da reconciliação, a Palavra que hoje, aqui, nos salva!","1ª Leitura - Ex 32,7-11.13-14  / Salmo - Sl 50, 3-4.12-13.17.19 (R. Lc 15,18)  / 2ª Leitura - 1Tm 1,12-17  / Evangelho - Lc 15,1-32  / Evangelho - Lc 15,1-10"
09/16/2019,Segunda,2ª-feira da 24ª Semana Do Tempo Comum,"São Cornélio, papa, e São Cipriano, bispo, mártires",Vermelho,,,,,,,,C,"Jo 3,16","Deus o mundo tanto amou,  que lhe deu seu próprio Filho, para que todo o que nele crer, encontre vida eterna.","1ª Leitura - 1Tm 2,1-8 / Salmo - Sl 27 (28),2. 7. 8-9 (R. 6) / Evangelho - Lc 7,1-10"
09/17/2019,Terça,3ª-feira da 24ª Semana Do Tempo Comum,,Verde,,,,,,,,C,"Lc 7,16","Um grande profeta surgiu entre nós, e Deus visitou o seu povo.","1ª Leitura - 1Tm 3,1-13  / Salmo - Sl 100 (101),1-2ab. 2cd-3ab. 5. 6 (R. 2c)  / Evangelho - Lc 7,11-17"
09/18/2019,Quarta,4ª-feira da 24ª Semana Do Tempo Comum,,Verde,,,,,,,,C,"Cf. Jo 6,63c.68c","Senhor, tuas palavras são espírito, são vida; só tu tens palavras de vida eterna.","1ª Leitura - 1Tm 3,14-16  / Salmo - Sl 110 (111),1-2. 3-4. 5-6 (R. 2a)  / Evangelho - Lc 7,31-35"
09/19/2019,Quinta,5ª-feira da 24ª Semana Do Tempo Comum,,Verde,,,,,,,,C,"Mt 11,28","Vinde a mim, todos vós que estais cansados, e descanso eu vos darei, diz o Senhor.","1ª Leitura - 1Tm 4,12-16  / Salmo - Sl 110 (111),7-8. 9. 10 (R. 2a)  / Evangelho - Lc 7,36-50"
09/20/2019,Sexta,6ª-feira da 24ª Semana Do Tempo Comum,"Santo André Kim Taegón, presbítero, e Paulo Chóng Hasang, e seus companheiros, mártires",Vermelho,,,,,,,,C,"cf. Mt 11,25","Graças te dou, ó Pai, Senhor do céu e da terra, pois, revelaste os mistérios do teu Reino aos pequeninos, escondendo-os aos doutores.","1ª Leitura - 1Tm 6,2c-12  / Salmo - Sl 48 (49),6-7. 8-10. 17-18. 19-20 (R. Mt 5,3)  / Evangelho - Lc 8,1-3"
09/21/2019,Sábado,Sábado da 24ª Semana Do Tempo Comum,"São Mateus, Apóstolo e Evangelista",Vermelho,,,X,,,,,C,………………,"A Vós, ó Deus louvamos, a Vós, Senhor, cantamos, Vos louva, ó Senhor, o coro dos Apóstolos.","1ª Leitura - Ef 4,1-7.11-13  / Salmo - Sl 18(19A),2-3.4-5 (R. 5a)  / Evangelho - Mt 9,9-13"
09/22/2019,Domingo,25º Domingo Do Tempo Comum,,Verde,,,,,,,,C,"2Cor 8,9","Jesus Cristo, sendo rico, se fez pobre, por amor; para que sua pobreza nos, assim, enriquecesse.","1ª Leitura - Am 8,4-7  / Salmo - Sl 112, 1-2.4-6.7-8 (R. cf. 1a.7b)  / 2ª Leitura - 1Tm 2,1-8  / Evangelho - Lc 16,1-13  / Evangelho - Lc 16,10-13"
09/23/2019,Segunda,2ª-feira da 25ª Semana Do Tempo Comum,"São Pio de Pietrelcina, presbítero",Verde,,,,,,,,C,"Mt 5,16","Vós sois a luz do mundo; brilhe a todos vossa luz. Vendo eles vossas obras, dêem glória ao Pai celeste!","1ª Leitura - Esd 1,1-6  / Salmo - Sl 125 (126),1-2ab.2cd-3. 4-5. 6 (R. 3a)  / Evangelho - Lc 8,16-18"
09/24/2019,Terça,3ª-feira da 25ª Semana Do Tempo Comum,,Verde,,,,,,,,C,"Lc 11,28",Feliz quem ouve e observa a palavra de Deus!,"1ª Leitura - Esd 6,7-8.12b.14-20  / Salmo - Sl 121 (122), 1-2. 3-4a. 4b-5 (R. Cf. 1)  / Evangelho - Lc 8,19-21"
09/25/2019,Quarta,4ª-feira da 25ª Semana Do Tempo Comum,,Verde,,,,,,,,C,"Mc 1,15","Convertei-vos e crede no Evangelho, pois, o Reino de Deus está chegando!","1ª Leitura - Esd 9,5-9  / Salmo - Tb 13,2. 3-4a. 4bc. 5. 8 (R. 2a)  / Evangelho - Lc 9,1-6"
09/26/2019,Quinta,5ª-feira da 25ª Semana Do Tempo Comum,,Verde,,,,,,,,C,"Jo 14, 6","Sou o Caminho, a Verdade e a Vida; ninguém vem ao Pai, senão por mim.","1ª Leitura - Ag 1,1-8  / Salmo - Sl 149, 1-2. 3-4. 5-6a.9b (R. 4a)  / Evangelho - Lc 9,7-9"
09/27/2019,Sexta,6ª-feira da 25ª Semana Do Tempo Comum,"São Vicente de Paulo, presbítero",Branco,,,,,,,,C,"Mc 10,45",Veio o Filho do Homem a fim de servir e dar sua vida em resgate por muitos.,"1ª Leitura - Ag 1,15b-2,9  / Salmo - Sl 42,1. 2. 3. 4. (R. 5bc)  / Evangelho - Lc 9,18-22"
09/28/2019,Sábado,Sábado da 25ª Semana Do Tempo Comum,,Verde,,,,,,,,C,"cf. 2Tm 1,10",Jesus Cristo Salvador destruiu o mal e a morte; fez brilhar pelo Evangelho a luz e a vida imperecíveis.,"1ª Leitura - Zc 2,5-9.14-15a  / Salmo - Jr 31,10. 11-12ab. 13 (R. 10d)  / Evangelho - Lc 9,43b-45"
09/29/2019,Domingo,26º Domingo Do Tempo Comum,,Verde,,,,,,,,C,"2Cor 8,9","Jesus Cristo, sendo rico, se fez pobre, por amor; para que sua pobreza nos, assim, enriquecesse.","1ª Leitura - Am 6,1a.4-7  / Salmo - Sl 145,7.8-9a.9bc-10 (R.1)  / 2ª Leitura - 1Tm 6,11-16  / Evangelho - Lc 16,19-31"
09/30/2019,Segunda,2ª-feira da 26ª Semana Do Tempo Comum,"São Jerônimo, presbítero e doutor da Igreja",Branco,,,,,,,,C,"Mc 10,45","Veio o Filho do Homem, a fim de servir e dar sua vida em resgate por muitos.","1ª Leitura - Zc 8,1-8  / Salmo - Sl 101, 16-18. 19-21. 29.22-23 (R. 17)  / Evangelho - Lc 9,46-50"
10/01/2019,Terça,3ª-feira da 26ª Semana Do Tempo Comum,"Santa Teresinha do Menino Jesus, virgem",Branco,,,,,,,,C,"Mc 10,45","Veio o Filho do Homem, a fim de servir e dar sua vida em resgate por muitos.","1ª Leitura - Zc 8,20-23  / Salmo - Sl 86, 1-3. 4-5. 6-7 (R. Zc 8,23)  / Evangelho - Lc 9,51-56"
10/02/2019,Quarta,4ª-feira da 26ª Semana Do Tempo Comum,Santos Anjos da Guarda,Branco,,,,,X,,,C,"Sl 102(103),21","Bendizei ao Senhor Deus, os seus poderes, seus ministros que fazeis sua vontade!","1ª Leitura - Ex 23,20-23  / Salmo - Sl 90(91),1-2.3-4.5-6.10-11 (R. 11)  / Evangelho - Mt 18,1-5.10"
10/03/2019,Quinta,5ª-feira da 26ª Semana Do Tempo Comum,,Verde,,,,,,,,C,"Mc 1,15","Convertei-vos e crede no Evangelho, pois, o Reino de Deus está chegando!","1ª Leitura - Ne 8,1-4a.5-6.7b-12  / Salmo - Sl 18(19), 8. 9. 10. 11 (R. 9a)  / Evangelho - Lc 10,1-12"
10/04/2019,Sexta,6ª-feira da 26ª Semana Do Tempo Comum,São Francisco de Assis,Branco,,,,,,,,C,"Cf. Sl 94(95),8ab",Oxalá ouvísseis hoje a sua Voz: Não fecheis os corações como em Meriba!,"1ª Leitura - Br 1,15-22  / Salmo - Sl 78,1-2. 3-5. 8. 9 (R. 9b)  / Evangelho - Lc 10,13-16"
10/05/2019,Sábado,Sábado da 26ª Semana Do Tempo Comum,,Verde,,,,,,,,C,"cf. Mt 11,25","Graças te dou, ó Pai, Senhor do céu e da terra, pois, revelaste os mistérios do teu Reino aos pequeninos, escondendo-os aos doutores.","1ª Leitura - Br 4,5-12.27-29  / Salmo - Sl 68,33-35. 36-37 (R. 34a)  / Evangelho - Lc 10,17-24"
10/06/2019,Domingo,27º Domingo Do Tempo Comum,,Verde,,,,,,,,C,"1Pd 1,25",A Palavra do Senhor permanece para sempre; e esta é a Palavra que vos foi anunciada.,"1ª Leitura - Hab 1,2-3; 2,2-4  / Salmo - Sl 94,1-2.6-7.8-9 (R. 8)  / 2ª Leitura - 2Tm 1,6-8.13-14  / Evangelho - Lc 17,5-10"
10/07/2019,Segunda,2ª-feira da 27ª Semana Do Tempo Comum,Nossa Senhora do Rosário,Azul,,,,,X,,,C,"Cf. Lc 1,28","Maria, alegra-te, ó cheia de graça, o Senhor é contigo; és bendita entre todas as mulheres da terra!","1ª Leitura - At 1,12-14  / Salmo - Lc 1,46-47. 48-49. 50-51. 52-53. 54-55 (R.Cf.54b)  / Evangelho - Lc 1,26-38"
10/08/2019,Terça,3ª-feira da 27ª Semana Do Tempo Comum,Nossa Senhora do Bom Remédio,Azul,,,,,,,X,C,----------,"Ó Virgem, Mãe de Deus, aquele que o universo não pode conter, se encarnou em vosso seio: o Verbo, feito Homem.","1ª Leitura - Is 9,1-6  / Salmo - Sl 130,1-3  / Evangelho - Lc 2,22.39-40"
10/09/2019,Quarta,4ª-feira da 27ª Semana Do Tempo Comum,,Verde,,,,,,,,C,"Rm 8,15bc","Recebestes um espírito de adoção, no qual clamamos Aba! Pai!","1ª Leitura - Jn 4,1-11  / Salmo - Sl 85,3-4. 5-6. 9-10 (R. 15b)  / Evangelho - Lc 11,1-4"
10/10/2019,Quinta,5ª-feira da 27ª Semana Do Tempo Comum,,Verde,,,,,,,,C,"Cf. At 16,14b","Abri-nos, ó Senhor, o coração, para ouvirmos a palavra de Jesus!","1ª Leitura - Ml 3,13-20a  / Salmo - Sl 1,1-2. 3. 4.6 (R. Sl 39,5a)  / Evangelho - Lc 11,5-13"
10/11/2019,Sexta,6ª-feira da 27ª Semana Do Tempo Comum,,Verde,,,,,,,,C,"Jo 12,31b-32","Agora o príncipe deste mundo há de ser lançado fora; quando eu for elevado da terra, atrairei para mim todo ser.","1ª Leitura - Jl 1,13-15; 2,1-2  / Salmo - Sl 9,2-3. 6.16. 8-9 (R. 9a)  / Evangelho - Lc 11,15-26"
10/12/2019,Sábado,Sábado da 27ª Semana Do Tempo Comum,Nossa Senhora da Conceição Aparecida,Azul,X,,,,,,,C,"Jo 2,5b",Disse a Mãe de Jesus aos serventes: fazei tudo o que Ele disser!,"1ª Leitura - Est 5,1b-2; 7,2b-3  / Salmo - Sl 44(45),11-12a.12b-13.14-15a.15b-16 (R. 11.12a)  / 2ª Leitura - Ap 12,1.5.13a.15-16a  / Evangelho - Jo 2,1-11"
10/13/2019,Domingo,28º Domingo Do Tempo Comum,,Verde,,,,,,,,C,"1Ts 5,18","Em tudo dai graças, pois, esta é a vontade de Deus para convosco em Cristo Jesus.","1ª Leitura - 2Rs 5,14-17  / Salmo - Sl 97,1.2-3ab.3cd-4 (R.cf 2b  / 2ª Leitura - 2Tm 2,8-13  / Evangelho - Lc 17,11-19"
10/14/2019,Segunda,2ª-feira da 28ª Semana Do Tempo Comum,,Verde,,,,,,,,C,"Cf. Sl 94(95),8ab",Oxalá ouvísseis hoje a sua Voz: Não fecheis os corações como em Meriba!,"1ª Leitura - Rm 1,1-7  / Salmo - Sl 97, 1. 2-3ab. 3cd-4 (R.2a)  / Evangelho - Lc 11,29-32"
10/15/2019,Terça,3ª-feira da 28ª Semana Do Tempo Comum,"Santa Teresa de Jesus, virgem e doutora da Igreja",Branco,,,,,,,,C,"Hb 4,12","A palavra do Senhor, é viva e eficaz: ela julga os pensamentos e as intenções do coração.","1ª Leitura - Rm 1,16-25  / Salmo - Sl 18 (19),2-3. 4-5 (R. 2a)  / Evangelho - Lc 11,37-41"
10/16/2019,Quarta,4ª-feira da 28ª Semana Do Tempo Comum,,Verde,,,,,,,,C,"Jo 10,27","Minhas ovelhas escutam minha voz, eu as conheço e elas me seguem.","1ª Leitura - Rm 2,1-11  / Salmo - Sl 61,2-3. 6-7. 9 (R. 13b)  / Evangelho - Lc 11,42-46"
10/17/2019,Quinta,5ª-feira da 28ª Semana Do Tempo Comum,"Santo Inácio de Antioquia, bispo e mártir",Vermelho,,,,,,,,C,"Jo 14, 6","Sou o Caminho, a Verdade e a Vida, ninguém vem ao Pai, senão por mim.","1ª Leitura - Rm 3,21-30  / Salmo - Sl 129,1-2. 3-4. 5-6 (R. 7)  / Evangelho - Lc 11,47-54"
10/18/2019,Sexta,6ª-feira da 28ª Semana Do Tempo Comum,"São Lucas, Evangelista",Vermelho,,,X,,,,,C,"Cf. Jo 15,16","Eu vos designei para que vades e deis frutos e o vosso fruto permaneça, assim diz o Senhor.","1ª Leitura - 2Tm 4,10-17b  / Salmo - Sl 144(145),10-11,12-13ab,17-18 (R. 12a)  / Evangelho - Lc 10,1-9"
10/19/2019,Sábado,Sábado da 28ª Semana Do Tempo Comum,,Verde,,,,,,,,C,"Jo 15,26b .27a","O Espírito Santo, a verdade, de mim irá testemunhar; e vós minhas testemunhas sereis em todo lugar.","1ª Leitura - Rm 4,13.16-18  / Salmo - Sl 104,6-7. 8-9. 42-43 (R. 8a)  / Evangelho - Lc 12,8-12"
10/20/2019,Domingo,29º Domingo Do Tempo Comum,,Verde,,,,,,,,C,"Hb 4,12","A Palavra de Deus é viva e eficaz, em suas ações; penetrando os sentimentos, vai ao íntimo dos corações.","1ª Leitura - Ex 17,8-13  / Salmo - Sl 120,1-2.3-4.5-6.7-8 (R. Cf. 2)  / 2ª Leitura - 2Tm 3,14 - 4,2  / Evangelho - Lc 18,1-8"
10/21/2019,Segunda,2ª-feira da 29ª Semana Do Tempo Comum,,Verde,,,,,,,,C,"Mt 5,3","Felizes os humildes de espírito, porque deles é o Reino dos Céus.","1ª Leitura - Rm 4,20-25  / Salmo - Lc 1,69-70. 71-72. 73-75 (R. Cf. 68)  / Evangelho - Lc 12,13-21"
10/22/2019,Terça,3ª-feira da 29ª Semana Do Tempo Comum,,Verde,,,,,,,,C,"Lc 21,36","Vigiai e orai para ficardes de pé, ante o Filho do Homem!","1ª Leitura - Rm 5,12.15b.17-19.20b-21  / Salmo - Sl 39,7-8a. 8b-9. 10. 17 (R. Cf 8a.9a)  / Evangelho - Lc 12,35-38"
10/23/2019,Quarta,4ª-feira da 29ª Semana Do Tempo Comum,,Verde,,,,,,,,C,"Mt 24,42a.44","Vigiai, diz Jesus, vigiai, pois, no dia em que não esperais, o vosso Senhor há de vir.","1ª Leitura - Rm 6, 12-18  / Salmo - Sl 123,1-3. 4-6. 7-8 (R. 8a)  / Evangelho - Lc 12, 39-48"
10/24/2019,Quinta,5ª-feira da 29ª Semana Do Tempo Comum,,Verde,,,,,,,,C,"Fl 3,8-9","Eu tudo considero como perda e como lixo, a fim de eu ganhar Cristo e ser achado nele!","1ª Leitura - Rm 6,19-23  / Salmo - Sl 1,1-2. 3. 4.6 (R. Sl 39,5a)  / Evangelho - Lc 12,49-53"
10/25/2019,Sexta,6ª-feira da 29ª Semana Do Tempo Comum,"Santo Antonio de Sant'Ana Galvão, Religioso",Branco,,,,,,,,C,"Cf. Mt 11,25","Graças te dou, ó Pai, Senhor do céu e da terra, pois, revelaste os mistérios do teu Reino aos pequeninos, escondendo-os aos doutores!","1ª Leitura - Rm 7,18-25a  / Salmo - Sl 118, 66. 68. 76. 77. 93. 94 (R. 68b)  / Evangelho - Lc 12,54-59"
10/26/2019,Sábado,Sábado da 29ª Semana Do Tempo Comum,,Verde,,,,,,,,C,"Ez 33,11","Não quero a morte do pecador, diz o Senhor, mas que ele volte, se converta e tenha vida.","1ª Leitura - Rm 8,1-11  / Salmo - Sl 23,1-2. 3-4ab. 5-6 (R. Cf 6)  / Evangelho - Lc 13,1-9"
10/27/2019,Domingo,30º Domingo Do Tempo Comum,,Verde,,,,,,,,C,"2Cor 5,19","O Senhor reconciliou o mundo em Cristo, confiando-nos sua Palavra; a Palavra da reconciliação, a Palavra que hoje, aqui, nos salva.","1ª Leitura - Eclo 35,15b-17.20-22a (gr. 12-14.16-18)  / Salmo - Sl 33,2-3.17-18.19.23 (R.7a.23a)  / 2ª Leitura - 2Tm 4,6-8.16-18  / Evangelho - Lc 18,9-14"
10/28/2019,Segunda,2ª-feira da 30ª Semana Do Tempo Comum,"São Simão e São Judas, Apóstolos",Vermelho,,,X,,,,,C,………………,"A Vós, ó Deus louvamos, a Vós, Senhor, cantamos, Vos louva, ó Senhor, o coro dos Apóstolos.","1ª Leitura - Ef 2,19-22  / Salmo - Sl 18(19A),2-3.4-5 (R. 5a)  / Evangelho - Lc 6,12-19"
10/29/2019,Terça,3ª-feira da 30ª Semana Do Tempo Comum,,Verde,,,,,,,,C,"Cf. Mt 11,25","Graças te dou, ó Pai, Senhor do céu e da terra, pois, revelaste os mistérios do teu Reino aos pequeninos, escondendo-os aos doutores!","1ª Leitura - Rm 8,18-25  / Salmo - Sl 125 (126),1-2ab.2cd-3. 4-5. 6 (R. 3a)  / Evangelho - Lc 13,18-21"
10/30/2019,Quarta,4ª-feira da 30ª Semana Do Tempo Comum,,Verde,,,,,,,,C,"Cf . 2Ts 2,14","Pelo Evangelho o Pai nos chamou, a fim alcançarmos a glória de nosso Senhor Jesus Cristo.","1ª Leitura - Rm 8,26-30  / Salmo - Sl 12 (13),4-5. 6 (R. 6a)  / Evangelho - Lc 13,22-30"
10/31/2019,Quinta,5ª-feira da 30ª Semana Do Tempo Comum,,Verde,,,,,,,,C,"Cf. Lc 19,38; 2,14",Bendito é o Rei que vem em nome do Senhor! Glória a Deus nos altos céus e na terra paz aos homens!,"1ª Leitura - Rm 8,31b-39  / Salmo - Sl 108 (109),21-22. 26-27. 30-31 (R. 26b)  / Evangelho - Lc 13,31-35"
11/01/2019,Sexta,6ª-feira da 30ª Semana Do Tempo Comum,,Verde,,,,,,,,C,"Jo 10,27","Minhas ovelhas escutam minha voz, eu as conheço e elas me seguem.","1ª Leitura - Rm 9,1-5  / Salmo - Sl 147 (148),12-13. 14-15. 19-20 (R. 12a)  / Evangelho - Lc 14,1-6"
11/02/2019,Sábado,Sábado da 30ª Semana Do Tempo Comum,Comemoração de Todos os Fiéis Defuntos - Missa I,Roxo ou Preto,X,,,,,,,C,"Jo 6,39","É esta a vontade de quem me enviou: que eu não perca nenhum dos que ele me deu, mas que eu os ressuscite no último dia.","1ª Leitura - 2Mc 12, 43-46  / Salmo -Sl 129(130),1-2.3-4.5-6a.b-7.8  / 2ª Leitura - Rm 5, 5-11  / Evangelho - Jo 11,21-27"
11/02/2019,Sábado,Sábado da 30ª Semana Do Tempo Comum,Comemoração de Todos os Fiéis Defuntos - Missa II,Roxo ou Preto,X,,,,,,,C,"Jo 3,16","Deus o mundo, tanto amou, que seu Filho entregou! Quem no Filho crê e confia, nele encontra a vida!","1ª Leitura - Sb 3, 1-9  / Salmo - Sl 26(27),1.4.7-8b.9a.13-14  / 2ª Leitura - Rm 6, 3-9  / Evangelho - Jo 17, 24-26"
11/02/2019,Sábado,Sábado da 30ª Semana Do Tempo Comum,Comemoração de Todos os Fiéis Defuntos - Missa III,Roxo ou Preto,X,,,,,,,C,"Jo 6,51","Eu sou o pão da vida que, do céu desceu ao mundo; quem come deste pão, viverá eternamente.","1ª Leitura - Dn 12, 1-3  / Salmo - Sl 62(63),2.3-4.5-6.8-9  / 2ª Leitura - Rm 14, 7-9,10c-12  / Evangelho - Jo 12,23-26"
11/03/2019,Domingo,31º Domingo Do Tempo Comum,Todos os Santos,Dourado,X,,,,,,,C,"Jo 3,16","Deus o mundo tanto amou, que seu Filho entregou! Quem no Filho crê e confia, nele encontra eterna vida!","1ª Leitura - Ap 7,2-4.9-14  / Salmo - Sl 23(24),1-2.3-4ab.5-6 (R. cf. 6)  / 2ª Leitura - 1Jo 3,1-3  / Evangelho - Mt 5,1-12a"
11/04/2019,Segunda,2ª-feira da 31ª Semana Do Tempo Comum,"São Carlos Borromeu, bispo",Branco,,,,,,,,C,"Jo 8,31b-32","Se guardais minha palavra, diz Jesus, realmente vós sereis os meus discípulos.","1ª Leitura - Rm 11,29-36  / Salmo - Sl 68 (69),30-31. 33-34. 36-37 (R. 14c)  / Evangelho - Lc 14,12-14"
11/05/2019,Terça,3ª-feira da 31ª Semana Do Tempo Comum,,Verde,,,,,,,,C,"Mt 11,28","Vinde a mim, todos vós que estais cansados, e descanso eu vos darei, diz o Senhor.","1ª Leitura - Rm 12,5-16a  / Salmo - Sl 130,1.2.3  / Evangelho - Lc 14,15-24"
11/06/2019,Quarta,4ª-feira da 31ª Semana Do Tempo Comum,,Verde,,,,,,,,C,"1Pd 4,14","Felizes sereis vós, se fordes ultrajados, por causa de Jesus, pois repousa sobre vós, o Espírito de Deus.","2ª Leitura - Rm 13,8-10  / Salmo - Sl 111 (112),1-2. 4-5. 9 (R.5a)  / Evangelho - Lc 14,25-33"
11/07/2019,Quinta,5ª-feira da 31ª Semana Do Tempo Comum,,Verde,,,,,,,,C,"Mt 11,28","Vinde a mim, todos vós que estais cansados, e descanso eu vos darei, diz o Senhor.","1ª Leitura - Rm 14,7-12  / Salmo - Sl 26 (27),1. 4. 13-14 (R. 13)  / Evangelho - Lc 15,1-10"
11/08/2019,Sexta,6ª-feira da 31ª Semana Do Tempo Comum,,Verde,,,,,,,,C,"1Jo 2,5","O amor de Deus se realiza em todo aquele, que guarda sua palavra fielmente.","1ª Leitura - Rm 15,14-21  / Salmo - Sl 97 (98),1. 2-3ab. 3cd-4 (R.Cf. 2b)  / Evangelho - Lc 16,1-8"
11/09/2019,Sábado,Sábado da 31ª Semana Do Tempo Comum,Dedicação da Basílica do Latrão,Branco,,,X,,,,,C,"2Cr 7,16","Esta casa eu escolhi e santifiquei, para nela estar meu nome para sempre.","1ª Leitura - Ez 47,1-2.8-9.12  / 1ª Leitura - 1Cor 3,9c-11.16-17  /  Salmo - Sl 45(46),2-3.5-6.8-9 (R. 5)  / Evangelho - Jo 2,13-22"
11/10/2019,Domingo,32º Domingo Do Tempo Comum,,Verde,,,,,,,,C,"Ap 1,5a.6b",Jesus Cristo é o Primogênito dos mortos; a ele a glória e o domínio para sempre!,"1ª Leitura - Mc 7,1-2.9-14  / Salmo - Sl 16,1.5-6.8b.15 (R. 15)  / 2ª Leitura - 2Ts 2,16 - 3,5  / Evangelho - Lc 20,27-38  / Evangelho - Lc 20,27.34-38"
11/11/2019,Segunda,2ª-feira da 32ª Semana Do Tempo Comum,"São Martinho, bispo",Branco,,,,,,,,C,"FI 2,15d.16a","Como astros no mundo brilheis, pregando a Palavra da vida!","1ª Leitura - Sb 1,1-7  / Salmo - Sl 138 (139),1-3. 4-6. 7-8. 9-10 (R. 24b)  / Evangelho - Lc 17,1-6"
11/12/2019,Terça,3ª-feira da 32ª Semana Do Tempo Comum,"São Josafá, bispo e mártir",Vermelho,,,,,,,,C,"Jo 14,23","Quem me ama, realmente, guardará minha palavra e meu Pai o amará e a ele nós viremos.","1ª Leitura - Sb 2,23-3,9  / Salmo - Sl 33 (34),2-3. 16-17. 18-19 (R. 2a)  / Evangelho - Lc 17,7-10"
11/13/2019,Quarta,4ª-feira da 32ª Semana Do Tempo Comum,,Verde,,,,,,,,C,"1Ts 5,18","Em tudo dai graças, pois esta é a vontade de Deus para convosco, em Cristo, o Senhor.","1ª Leitura - Sb 6,1-11  / Salmo - Sl 81 (82), 3-4. 6-7 (8a)  / Evangelho - Lc 17,11-19"
11/14/2019,Quinta,5ª-feira da 32ª Semana Do Tempo Comum,,Verde,,,,,,,,C,"Jo 15,5",Eu sou a videira e vós sois os ramos; um fruto abundante vós haveis de dar.,"1ª Leitura - Sb 7,22-8,1  / Salmo - Sl 118 (119), 89, 90. 91. 130. 135. 175 (R. 89a)  / Evangelho - Lc 17,20-25"
11/15/2019,Sexta,6ª-feira da 32ª Semana Do Tempo Comum,,Verde,,,,,,,,C,"Lc 21,28","Levantai vossa cabeça e olhai, pois, a vossa redenção se aproxima!","1ª Leitura - Sb 13,1-9  / Salmo - Sl 18 (19),2-3. 4-5 (R. 2a)  / Evangelho - Lc 17,26-37"
11/16/2019,Sábado,Sábado da 32ª Semana Do Tempo Comum,,Verde,,,,,,,,C,"Cf. 2Ts 2,14","Pelo Evangelho o Pai nos chamou, a fim de alcançarmos a glória de nosso Senhor Jesus Cristo.","1ª Leitura - Sb 18,14-16; 19,6-9  / Salmo - Sl 104 (105),2-3. 36-37. 42-43 (R. 5a)  / Evangelho - Lc 18,1-8"
11/17/2019,Domingo,33º Domingo Do Tempo Comum,,Verde,,,,,,,,C,"Lc 21,28","Levantai vossa cabeça e olhai, pois, a vossa redenção se aproxima!","1ª Leitura - Ml 3,19-20a  / Salmo - Sl 97,5-6.7-8.9a.9bc (R. cf. 9)  / 2ª Leitura - 2Ts 3,7-12  / Evangelho - Lc 21,5-19"
11/18/2019,Segunda,2ª-feira da 33ª Semana Do Tempo Comum,,Verde,,,,,,,,C,"Jo 8,I2","Eu sou a luz do mundo; aquele que me segue, não caminha entre as trevas, mas terá a luz da vida.","1ª Leitura - 1Mc 1,10-15.41-43.54-57.62-64  / Salmo - Sl 118 (119), 53. 61. 134. 150. 155. 158 (R. Cf.88)  / Evangelho - Lc 18,35-43"
11/19/2019,Terça,3ª-feira da 33ª Semana Do Tempo Comum,"São Roque González, Santo Afonso Rodríguez e São João Del Castillo, presbítero e mártires",Vermelho,,,,,,,,C,"1 Jo 4,10b","Por amor, Deus enviou-nos o seu Filho, como vítima por nossas transgressões.","1ª Leitura - 2Mc 6,18-31  / Salmo - Sl 3,2-3. 4-5. 6-7 (R. 6b)  / Evangelho - Lc 19,1-10"
11/20/2019,Quarta,4ª-feira da 33ª Semana Do Tempo Comum,,Verde,,,,,,,,C,"Cf. Jo 15,16","Eu vos escolhi, a fim de que deis, no meio do mundo, um fruto que dure.","1ª Leitura - 2Mc 7,1.20-31  / Salmo - Sl 16 (17),1. 5-6. 8b.15 (R. 15b)  / Evangelho - Lc 19,11-28"
11/21/2019,Quinta,5ª-feira da 33ª Semana Do Tempo Comum,Apresentação de Nossa Senhora,Azul,,,,,X,,,C,"Lc 11,28",Feliz quem ouve e observa a Palavra de Deus!,"1ª Leitura - Zc 2,14-17  / Salmo - Lc 1,46-47. 48-49. 50-51. 52-53. 54-55 (R.Cf.54b)  / Evangelho - Mt 12,46-50"
11/22/2019,Sexta,6ª-feira da 33ª Semana Do Tempo Comum,"Santa Cecília, virgem e mártir",Vermelho,,,,,,,,C,"Jo 10,27","Minhas ovelhas escutam minha voz, eu as conheço e elas me seguem.","1ª Leitura - 1Mc 4,36-37.52-59  / Salmo - 1Cr 29,10. 11abc. 11d-12a. 12bcd (R. 13b)  / Evangelho - Lc 19,45-48"
11/23/2019,Sábado,Sábado da 33ª Semana Do Tempo Comum,,Verde,,,,,,,,C,"Cf. 2Tm 2,10",Jesus Cristo Salvador destruiu o mal e a morte; fez brilhar pelo Evangelho a luz e a vida imperecíveis.,"1ª Leitura - 1Mc 6,1-13  / Salmo - Sl 9,2-3. 4.6. 16b.19 (R. Cf. 15a)  / Evangelho - Lc 20,27-40"
11/24/2019,Domingo,34º Domingo Do Tempo Comum,"Nosso Senhor Jesus Cristo, Rei do Universo",Dourado,X,,,,,,,C,"Mc 11,9.10","É bendito aquele que vem vindo, que vem vindo, em nome do Senhor; e o Reino que vem, seja bendito, ao que vem e a seu Reino, o louvor!","1ª Leitura - 2Sm 5,1-3  / Salmo - 121,1-2.4-5 (R. Cf.1)  / 2ª Leitura - Cl 1,12-20  / Evangelho - Lc 23,35-43"
11/25/2019,Segunda,2ª-feira da 34ª Semana Do Tempo Comum,,Verde,,,,,,,,C,"Mt 24,42a.44","Vigiai, diz Jesus, vigiai, pois, no dia em que não esperais, o vosso Senhor há de vir.","1ª Leitura - Dn 1,1-6.8-20  / Salmo - Dn 3, 52. 53. 54. 55. 56 (R. 52b)  / Evangelho - Lc 21,1-4"
11/26/2019,Terça,3ª-feira da 34ª Semana Do Tempo Comum,,Verde,,,,,,,,C,"Ap 2,10c","Permanece fiel até a morte, e a coroa da vida eu te darei!","1ª Leitura - Dn 2,31-45  / Salmo - Dn 3,57. 58. 59. 60. 61 (Cf. 59b)  / Evangelho - Lc 21,5-11"
11/27/2019,Quarta,4ª-feira da 34ª Semana Do Tempo Comum,Nossa Senhora das Graças,Azul,,,,,,,X,C,………………,"Bendita sejais, Santa Virgem Maria, Mãe da graça e Rainha de misericórdia: porque de Vós nasceu Jesus Cristo, Mediador e Salvador do mundo.","1ª Leitura - Est 8,3-8.16-17  / Salmo - Sl 66,2-7  / Evangelho - Jo 2,1-11"
11/28/2019,Quinta,5ª-feira da 34ª Semana Do Tempo Comum,,Verde,,,,,,,,C,"Lc 21,28","Levantai vossa cabeça e olhai, pois, a vossa redenção se aproxima!","1ª Leitura - Dn 6,12-28  / Salmo - Dn 3,68. 69. 70. 71. 72. 73. 74 (R. 59b)  / Evangelho - Lc 21,20-28"
11/29/2019,Sexta,6ª-feira da 34ª Semana Do Tempo Comum,,Verde,,,,,,,,C,"Lc 21,28","Levantai vossa cabeça e olhai, pois, a vossa redenção se aproxima!","1ª Leitura - Dn 7,2-14  / Salmo - Dn 3,75. 76. 77. 78. 79. 80. 81 (R. 59b)  / Evangelho - Lc 21,29-33"
11/30/2019,Sábado,Sábado da 34ª Semana Do Tempo Comum,"Santo André, Apóstolo",Vermelho,,,X,,,,,C,"Mt 4,19","Vinde após mim, disse o Senhor, e Eu esinarei a pescar gente.","1ª Leitura - Rm 10,9-18  / Salmo - Sl 18(19A),2-3.4-5 (R. 5a)  / Evangelho - Mt 4,18-22"
12/01/2019,Domingo,1º Domingo do Advento,,Roxo,,,,,,,,A,"Sl 84,8","Mostrai-nos, ó Senhor, vossa bondade e a vossa salvação nos concedei!","1ª Leitura - Is 2, 1-5  / Salmo - Sl 121, 1-2.4-5.6-7.8-9 (R. Cf. 1)  / 2ª Leitura - Rm 13,11-14a  / Evangelho - Mt 24,37-44"
12/02/2019,Segunda,2ª feira da 1ª Semana do Advento,,Roxo,,,,,,,,A,"Cf. Sl 79(80),4","Ó vinde libertar-nos, Senhor e nosso Deus; mostrai a vossa fave e nós seremos salvos!","1ª Leitura - Is 4,2-6  / Salmo - Sl 121 (122), 1-2. 3-4a. (4b-5. 6-7) 8-9 (R. 1)  / Evangelho - Mt 8,5-11"
12/03/2019,Terça,3ª feira da 1ª Semana do Advento,"São Francisco Xavier, presbítero",Branco,,,,,,,,A,………………,"Eis que virá o nosso Deus com poder e majestade, e ele há de iluminar os olhos dos seus servos!","1ª Leitura - Is 11,1-10  / Salmo - Sl 71 (72), 1-2. 7-8. 12-13. 17 (R.cf 7)  / Evangelho - Lc 10,21-24"
12/04/2019,Quarta,4ª feira da 1ª Semana do Advento,,Roxo,,,,,,,,A,………………,Eis que o Senhor há de vir a fim de salvar o seu povo; felizes são todos aqueles que estão prontos para ir-lhe ao encontro.,"1ª Leitura - Is 25,6-10a  / Salmo - Sl 22 (23), 1-3a. 3b-4. 5. 6 (R. 6cd)  / Evangelho - Mt 15,29-37"
12/05/2019,Quinta,5ª feira da 1ª Semana do Advento,,Roxo,,,,,,,,A,"Is 55,6","Buscai o Senhor, vosso Deus, invocai-o, enquanto está perto!","1ª Leitura - Is 26,1-6  / Salmo - Sl 117 (118) 1.8-9. 19-21. 25-27a (R. 26a)  / Evangelho - Mt 7,21.24-27"
12/06/2019,Sexta,6ª feira da 1ª Semana do Advento,,Roxo,,,,,,,,A,………………,"Eis que virá o nosso Deus com poder e majestade, e ele há de iluminar os olhos dos seus servos!","1ª Leitura - Is 29,17-24  / Salmo - Sl 26 (27), 1. 4. 13-14 (R.1a)  / Evangelho - Mt 9,27-31"
12/07/2019,Sábado,Sábado da 1ª Semana do Advento,"Santo Ambrósio, bispo e doutor da Igreja",Branco,,,,,,,,A,"Is 33,22",É o Senhor nosso juiz e nosso Rei. O Senhor legislador nos salvará.,"1ª Leitura - Is 30,19-21.23-26  / Salmo - Sl 146 (147) 1-2. 3-4. 5-6 (R. Is 30,18)  / Evangelho - Mt 9,35 - 10,1.6-8"
12/08/2019,Domingo,2º Domingo do Advento,Imaculada Conceição de Nossa Senhora,Azul,X,,,,,,,A,"Lc 3,4.6","Preparai o caminho do Senhor, endireitai suas veredas! Toda a carne há de ver a salvação do nosso Deus.","1ª Leitura - Gn 3,9-15.20  / Salmo - Sl 97(98),1.2-3ab.3cd-4 (R. 1a)  / 2ª Leitura - Ef 1,3-6.11-12  / Evangelho - Lc 1,26-38"
12/09/2019,Segunda,2ª feira da 2ª Semana do Advento,,Roxo,,,,,,,,A,………………,"Eis que o Rei há de vir, Senhor da terra, ele mesmo de nós afastará o jugo do nosso cativeiro.","1ª Leitura - Is 35,1-10  / Salmo - Sl 84 (85),9ab-10. 11-12. 13-14 (R. Is 35,4d)  / Evangelho - Lc 5,17-26"
12/10/2019,Terça,3ª feira da 2ª Semana do Advento,,Roxo,,,,,,,,A,………………,"Está perto o dia do Senhor, ele mesmo virá para salvar-nos!","1ª Leitura - Is 40,1-11  / Salmo - Sl 95 (96), 1-2. 3.10ac. 11-12. 13 (R.Is 40,9-10)  / Evangelho - Mt 8,12-14"
12/11/2019,Quarta,4ª feira da 2ª Semana do Advento,,Roxo,,,,,,,,A,………………,"Eis que o Senhor há de vir, a fim de salvar o seu povo; felizes são todos aqueles que estão prontos para ir-lhe ao encontro.","1ª Leitura - Is 40,25-31  / Salmo - Sl 102 (103), 1-2. 3-4. 8. 10 (R. 1a)  / Evangelho - Mt 11,28-30"
12/12/2019,Quinta,5ª feira da 2ª Semana do Advento,Nossa Senhora de Guadalupe,Azul,,,X,,,,,A,"Cf. Lc 1,28","Maria alegra-te, ó cheia de graça, o Senhor é contigo, és bendita entre todas as mulheres da terra!","1ª Leitura - Gl 4,4-7  / Salmo - Sl 95(96),1-2a.2b-3.10 (R. 3a)  / Evangelho - Lc 1,39-47"
12/13/2019,Sexta,6ª feira da 2ª Semana do Advento,"Santa Luzia, virgem e mártir",Vermelho,,,,,,,,A,………………,"O Senhor há de vir, acorrei-lhe ao encontro; é o Príncipe da paz.","1ª Leitura - Is 48,17-19  / Salmo - Sl 1, 1-2. 3. 4.6 (R. CF.Jo 8,12)  / Evangelho - Mt 11,16-19"
12/14/2019,Sábado,Sábado da 2ª Semana do Advento,"São João da Cruz, presbítero e doutor da Igreja",Branco,,,,,,,,A,"Lc 3,4.6","Preparai o caminho do Senhor, endireitai suas veredas! Toda carne há de ver a salvação que vem de Deus!","1ª Leitura - Eclo 48,1-4.9-11  / Salmo - Sl 79 (80), 2ac.3b. 15-16. 18-19 (R.4)  / Evangelho - Mt 17,10-13"
12/15/2019,Domingo,3º Domingo do Advento,,Roxo ou Róseo,,,,,,,,A,"Is 61,1 (Lc 4,18)","O Espírito do Senhor sobre mim fez a sua unção, enviou-me aos empobrecidos a fazer feliz proclamação!","1ª Leitura - Is 35, 1-6a.10  / Salmo - Sl 145,7.8-9a.9bc-10 (R. Cf. Is 35,4)  / 2ª Leitura - Tg 5, 7-10  / Evangelho - Mt 11,2-11"
12/16/2019,Segunda,2ª feira da 3ª Semana do Advento,,Roxo,,,,,,,,A,"Sl 84(85),8","Mostrai-nos, ó Senhor, vossa bondade e a vossa salvação nos concedei!","1ª Leitura - Nm 24,2-7.15-17a  / Salmo - Sl 24 (25), 4bc-5ab. 6-7bc. 8-9 (R. 4b)  / Evangelho - Mt 21,23-27"
12/17/2019,Terça,Últimos dias antes do Natal - 17 de dezembro,,Roxo,,,,,,,,A,………………,"Ó Sabedoria do Altíssimo, que tudo determina com doçura e com vigor: oh vinde ensinar-nos o caminho da prudência.","1ª Leitura - Gn 49,2.8-10  / Salmo - S. 71 (72), 1-2. 3-4ab. 7-8. 17 (R. Cf. 7)  / Evangelho - Mt 1,1-17"
12/18/2019,Quarta,Últimos dias antes do Natal - 18 de dezembro,,Roxo,,,,,,,,A,………………,"Ó Guia de Israel, que no monte do Sinai, orientastes a Moisés, oh, vinde redimir-nos, com braço estendido!","1ª Leitura - Jr 23,5-8  / Salmo - Sl 71, 1-2. 12-13. 18-19 (R. Cf. 7)  / Evangelho - Mt 1,18-24"
12/19/2019,Quinta,Últimos dias antes do Natal - 19 de dezembro,,Roxo,,,,,,,,A,………………,"Ó Raiz de Jessé, sinal das nações: oh, vinde livrar-nos, e não tardeis mais!","1ª Leitura - Jz 13,2-7.24-25a  / Salmo - Sl 70 (71), 3-4a. 5-6ab. 16-17 (R. Cf. 8a)  / Evangelho - Lc1,5-25"
12/20/2019,Sexta,Últimos dias antes do Natal - 20 de dezembro,,Roxo,,,,,,,,A,………………,"Ó Chave de Davi, que abre as portas do Reino eterno: oh, vinde e livrai do cárcere o preso, sentado nas trevas!","1ª Leitura - Is 7,10-14  / Salmo - Sl 23 (24), 1-2. 3-4ab. 5-6 (R. 7c.10b)  / Evangelho - Lc 1,26-38"
12/21/2019,Sábado,Últimos dias antes do Natal - 21 de dezembro,,Roxo,,,,,,,,A,………………,"Ó Emanuel, sois nosso Rei e Orientador: vinde salvar-nos, ó Senhor e nosso Deus!","1ª Leitura - Ct 2,8-14  / 1ª Leitura - Sf 3,14-18a  / Salmo - Sl 32 (33), 2-3. 11-12. 20-21 (R. 1a.3a)  / Evangelho - Lc 1,39-45"
12/22/2019,Domingo,4º Domingo do Advento,,Roxo,,,,,,,,A,"Mt 1,23",Eis que a virgem conceberá e dará à luz um filho. Chamar-se-á Emanuel que significa: Deus conosco.,"1ª Leitura - Is 7,10-14  / Salmo - Sl 23(24), 1-2.3-4ab.5-6 (R. 7c. 10b)  / 2ª Leitura - Rm 1,1-7  / Evangelho - Mt 1,18-24"
12/23/2019,Segunda,Últimos dias antes do Natal - 23 de dezembro,,Roxo,,,,,,,,A,………………,"Ó Rei e Senhor das nações, e Pedra angular da Igreja, vinde salvar a mulher e o homem, que, um dia, formastes do barro.","1ª Leitura - Ml 3,1-4.23-24  / Salmo - Sl 24 (25), 4-5ab. 8-9. 10.14 (R. Lc 21,28)  / Evangelho - Lc 1,57-66"
12/24/2019,Terça,Últimos dias antes do Natal - 24 de dezembro - Missa Matutina,,Roxo,,,,,,,,A,………………,"Ó Sol da manhã, ó Sol de justiça, da eterna luz esplendor: oh, vinde brilhar para o povo sentado, na sombra da morte!","1ª Leitura - 2Sm 7,1-5.8b-12.14a.16  / Salmo - Sl 88 (89), 2-3. 4-5. 27.29 (R.2a)  / Evangelho - Lc 1,67-79"
12/24/2019,Terça,Natal do Senhor - Missa da Vigília,,Dourado,X,,,,,,,A,………………,Amanhã será varrida da terra a iniquidade e sobre nós há de reinar o Salvador do mundo.,"1ª Leitura - Is 52,7-10  / Salmo - Sl 97,1.2-3ab.3cd-4.5-6 (R.3cd)  / 2ª Leitura - Hb 1, 1-6  / Evangelho - Jo 1, 1-18  / Evangelho - Jo 1,1-5.8b.9-14"
12/25/2019,Quarta,Natal do Senhor - Missa da Noite,,Dourado,X,,,,,,,A,"Lc 2,10-11","Eu vos trago a boa nova de uma grande algria: é que hoje vos nasceu o Salvador, Cristo, o Senhor.","1ª Leitura - Is 9,1-6  / Salmo - SI 95(96),1-2a.2b-3.11-12.13 (R. Lc 2,11)  / 2ª Leitura - Tt 2,11-14 / Evangelho - Lc 2,1-14"
12/25/2019,Quarta,Natal do Senhor - Missa da Aurora,,Dourado,X,,,,,,,A,"Lc 2,14","Glória  a Deus nos altos dos céus, e paz na terra entre os homens, que ele ama. Aleluia.","1ª Leitura - Is 62,11-12  / Salmo - Sl 96(97),1.6.11-12  / 2ª Leitura - Tt 3,4-7 / Evangelho - Lc 2,15-20"
12/25/2019,Quarta,Natal do Senhor - Missa do Dia,,Dourado,X,,,,,,,A,………………,"Despontou o santo dia para nós: ó nações, vinde adorar o Senhor Deus, porque hoje grande luz brilhou na terra!","1ª Leitura - Is 52,7-10  / Salmo - Sl 97,1.2-3ab.3cd-4.5-6 (R.3cd)  / 2ª Leitura - Hb 1, 1-6  / Evangelho - Jo 1, 1-18  / Evangelho - Jo 1,1-5.8b.9-14"
12/26/2019,Quinta,2º dia na oitava do Natal do Natal,"Santo Estevão, o primeiro mártir",Vermelho,,,X,,,,,A,"Sl 117(118),26.27a","Bendito o que vem em nome do Senhor. Nosso Deus é o Senhor, ele é a nossa luz.","1ª Leitura - At 6,8-10; 7,54-59  / Salmo - Sl 30(31),3cd-4.6 e 8ab.16bc e 17 (R. 6a)  / Evangelho - Mt 10,17-22"
12/27/2019,Sexta,3º dia na oitava do Natal do Natal,"São João, Apóstolo e Evangelista",Branco,,,X,,,,,A,………………,"A Vós, ó Deus louvamos, a Vós, Senhor, cantamos, Vos louva o exército dos vossos Santos Mártires!","1ª Leitura - 1Jo 1,1-4  / Salmo - Sl 96(97),1-2.5-6.11-12 (R. 12a)  / Evangelho - Jo 20,2-28"
12/28/2019,Sábado,4º dia na oitava do Natal do Natal,"Santos Inocentes, Mártires",Vermelho,,,X,,,,,A,………………,"A Vós, ó Deus louvamos, a Vós, Senhor, cantamos, Vos louva o exército dos vossos Santos Mártires!","1ª Leitura - 1Jo 1,5-2,2  / Salmo - Sl 123(124),2-3.4-5.7b-8 (R. 7a)  / Evangelho - Mt 2,13-18"
12/29/2019,Domingo,5º dia na oitava do Natal do Natal,"Sagrada Família de Jesus, Maria e José",Dourado,X,,,,,,,A,"Cl 3,15a.16a",Que a paz de Cristo reine em vossos corações e ricamente habite em vós sua palavra!,"1ª Leitura - Eclo 3,3-7.14-17a (gr.2-6.12-14)  / Salmo - Sl 127,1-2.3.4-5 (R. Cf 1)  / 2ª Leitura - Cl 3,12-21  / Evangelho - Mt 2,13-15.19-23"
12/30/2019,Segunda,6º dia na oitava do Natal do Natal,,Dourado,,,,,,,,A,………………,"Um dia sagrado brilhou para nós: Nações, vinde todas, adorar o Senhor: pois hoje desceu grande luz sobre a terra!","1ª Leitura - 1Jo 2,12-17  / Salmo - Sl 95 (96), 7-8a. 8b-9. 10 (R. 11a)  / Evangelho - Lc 2,36-40"
12/31/2019,Terça,7º dia na oitava do Natal do Natal,,Dourado,,,,,,,,,"Jo 1,14a.12a","A Palavra se fez carne, entre nós ela habitou; e todos que a acolheram, de Deus filhos se tornaram.","1ª Leitura - 1Jo 2,18-21  / Salmo - Sl 95 (96), 1-2. 11-12. 13 (R. 11a)  / Evangelho - Jo 1,1-18"
